id,s0e0,speaker,line_text
1,101,Angela,5
2,101,Documentary Crew Member,3
3,101,Dwight,35
4,101,Jan,12
5,101,Jim,37
6,101,Kevin,2
7,101,Man,1
8,101,Michael,97
9,101,Michel,1
10,101,Oscar,6
11,101,Pam,46
12,101,Phyllis,2
13,101,Roy,5
14,101,Ryan,10
15,101,Stanley,5
16,101,Todd Packer,3
17,102,Angela,4
18,102,Dwight,40
19,102,Jim,35
20,102,Kelly,2
21,102,Kevin,8
22,102,Michael,103
23,102,Mr. Brown,52
24,102,Oscar,13
25,102,Pam,26
26,102,Ryan,7
27,102,Stanley,5
28,102,Toby,2
29,103,Angela,5
30,103,Dwight,88
31,103,Jan,18
32,103,Jim,57
33,103,Kevin,6
34,103,Man on Phone,10
35,103,Meredith,3
36,103,Michael,69
37,103,Oscar,16
38,103,Pam,44
39,103,Ryan,1
40,103,Stanley,6
41,103,Travel Agent,1
42,104,Angela,9
43,104,Dwight,74
44,104,Everybody,6
45,104,Jim,63
46,104,Kevin,3
47,104,Meredith,15
48,104,Michael,111
49,104,Oscar,20
50,104,Pam,37
51,104,Phyllis,5
52,104,Roy,3
53,104,Ryan,5
54,104,Stanley,2
55,104,Toby,7
56,105,Angela,6
57,105,Darryl,17
58,105,Dwight,45
59,105,Everybody,2
60,105,Jim,27
61,105,Kevin,4
62,105,Lonny,5
63,105,Madge,3
64,105,Michael,134
65,105,Michael and Dwight,1
66,105,Oscar,2
67,105,Packer,1
68,105,Pam,17
69,105,Phyllis,4
70,105,Roy,13
71,105,Ryan,8
72,105,Stanley,6
73,105,Teammates,1
74,105,Todd Packer,8
75,105,Warehouse Worker,1
76,105,Warehouse worker,2
77,105,Worker,5
78,106,Angela,3
79,106,Dwight,44
80,106,Jan,8
81,106,Jim,66
82,106,Katy,73
83,106,Kelly,2
84,106,Kevin,7
85,106,Michael,128
86,106,Oscar,1
87,106,Pam,49
88,106,Roy,14
89,106,Ryan,21
90,106,Stanley,3
91,106,Toby,14
92,201,Angela,4
93,201,Chili's Employee,1
94,201,Darryl,1
95,201,Dwight,74
96,201,Employee,1
97,201,Everybody,1
98,201,Guy At Bar,2
99,201,Guy at bar,1
100,201,Jan,9
101,201,Jim,42
102,201,Kelly,9
103,201,Kevin,4
104,201,Manager,10
105,201,Michael,138
106,201,Oscar,4
107,201,Other Guy at Bar,1
108,201,Pam,48
109,201,Pam and Jim,1
110,201,Phyllis,23
111,201,Roy,7
112,201,Ryan,2
113,201,Stanley,8
114,201,Toby,6
115,201,Waitress,3
116,202,Actor,2
117,202,Albiny,2
118,202,Angela,4
119,202,Darryl,9
120,202,Dwight,12
121,202,Jan,11
122,202,Jim,22
123,202,Kevin,9
124,202,Kevin's computer,1
125,202,Man in Video,1
126,202,Meredith,1
127,202,Michael,112
128,202,Mr. O'Malley,1
129,202,Oscar,1
130,202,Pam,41
131,202,Pam's Mom,18
132,202,Phyllis,6
133,202,Redheaded Actress,1
134,202,Roy,14
135,202,Ryan,1
136,202,Stanley,1
137,202,Toby,26
138,202,Todd Packer,20
139,202,Video,2
140,202,Warehouse Guy,1
141,202,Warehouse guy,2
142,202,Warehouse guys,1
143,203,Angela,8
144,203,Bill,2
145,203,Carol,18
146,203,Crowd,1
147,203,Dwight,87
148,203,Everyone,1
149,203,Jim,72
150,203,Kevin,13
151,203,Man,6
152,203,Meredith,1
153,203,Michael,120
154,203,Oscar,13
155,203,Pam,45
156,203,Phyllis,4
157,203,Ryan,5
158,203,Stanley,3
159,203,Toby,4
160,204,Angela,18
161,204,Dwight,80
162,204,Dwight and Michael,3
163,204,Jim,67
164,204,Katy,11
165,204,Kelly,4
166,204,Kevin,9
167,204,Meredith,4
168,204,Michael,79
169,204,Oscar,4
170,204,Pam,28
171,204,Phyllis,6
172,204,Roy,6
173,204,Ryan,50
174,204,Song,6
175,204,Stanley,7
176,204,Toby,2
177,204,song,1
178,205,Angela,14
179,205,Children,1
180,205,Creed,27
181,205,Devon,8
182,205,Dwight,36
183,205,Hank the Security Guard,3
184,205,Jan,10
185,205,Jim,31
186,205,Kelly,3
187,205,Kevin,2
188,205,Kid,3
189,205,Michael,150
190,205,Oscar,7
191,205,Pam,27
192,205,Phyllis,5
193,205,Ryan,1
194,205,Sherri,11
195,205,Stanley,5
196,205,Toby,7
197,205,Vance Refrigeration Worker #1,2
198,205,Vance Refrigeration Worker #2,2
199,206,Alyssa,1
200,206,Angela,6
201,206,Dwight,77
202,206,Ira,9
203,206,Jim,54
204,206,Kelly,4
205,206,Kevin,4
206,206,Master,9
207,206,Meredith,1
208,206,Michael,102
209,206,Oscar,2
210,206,Pam,27
211,206,Ryan,18
212,206,Ryan's Voicemail,1
213,206,Stanley,9
214,206,Toby,5
215,207,Angela,1
216,207,Christian,19
217,207,Dwight,24
218,207,Everyone,1
219,207,Hostess,1
220,207,Jan,55
221,207,Jim,52
222,207,Kelly,1
223,207,Kevin,2
224,207,Michael,86
225,207,Michael and Christian,2
226,207,Oscar,5
227,207,Pam,40
228,207,Phyllis,6
229,207,Roy,1
230,207,Ryan,8
231,207,Stanley,1
232,207,Toby,1
233,208,Angela,5
234,208,Creed,1
235,208,Dwight,67
236,208,Jan,66
237,208,Jim,48
238,208,Kelly,2
239,208,Kevin,4
240,208,Michael,147
241,208,Oscar,5
242,208,Pam,35
243,208,Phyllis,1
244,208,Ryan,14
245,208,Stanley,5
246,208,Toby,1
247,209,Actor,1
248,209,Actress,1
249,209,Angela,14
250,209,Bill,6
251,209,Dwight,45
252,209,Girl acting Pregnant,1
253,209,Improv Teacher,26
254,209,Jim,60
255,209,Kelly,2
256,209,Kevin,12
257,209,Mark,2
258,209,Mary-Beth,17
259,209,Michael,129
260,209,Michael and Jim,2
261,209,Oscar,6
262,209,Pam,47
263,209,Phyllis,7
264,209,Roy,7
265,209,Ryan,6
266,209,Sadiq (IT guy),12
267,209,Stanley,4
268,209,Toby,1
269,210,All,1
270,210,Angela,10
271,210,Bob Vance,4
272,210,Creed,9
273,210,Darryl,12
274,210,Dwight,51
275,210,JIm,1
276,210,Jim,27
277,210,Kelly,13
278,210,Kevin,14
279,210,Kevin & Oscar,1
280,210,Liquor Store Clerk,2
281,210,Meredith,12
282,210,Michael,94
283,210,Oscar,20
284,210,Pam,22
285,210,Phyllis,8
286,210,"Phyllis, Meredith, Michael, Kevin",1
287,210,Roy,8
288,210,Ryan,18
289,210,Stanley,5
290,210,Toby,7
291,210,Todd Packer,3
292,211,Angela,2
293,211,Brenda,7
294,211,Captain Jack,35
295,211,Creed,6
296,211,Darryl,5
297,211,Darryl and Katy,1
298,211,Dwight,28
299,211,Jan,17
300,211,Jim,32
301,211,Katy,14
302,211,Kelly,7
303,211,Meredith,3
304,211,Michael,116
305,211,Oscar,4
306,211,Pam,22
307,211,Phyllis,8
308,211,Roy,16
309,211,Ryan,6
310,211,Stanley,10
311,211,Toby,3
312,212,Angela,6
313,212,Billy Merchant,17
314,212,Creed,1
315,212,Doctor,5
316,212,Dwight,68
317,212,Jim,61
318,212,Jim and Pam,1
319,212,Kelly,1
320,212,Kevin,2
321,212,Lab Tech,3
322,212,Meredith,1
323,212,Michael,146
324,212,Oscar,4
325,212,Pam,57
326,212,Phyllis,3
327,212,Ryan,16
328,212,Stanley,4
329,212,Toby,13
330,213,Angela,5
331,213,Creed,3
332,213,Dana,9
333,213,Dwight,54
334,213,Gil,2
335,213,Hooter's Girls,1
336,213,Jim,53
337,213,Kelly,5
338,213,Kevin,8
339,213,Michael,114
340,213,Oscar,9
341,213,Pam,28
342,213,Phylis,1
343,213,Ryan,14
344,213,Stanley,3
345,213,Toby,3
346,214,Angela,4
347,214,Creed,9
348,214,Darryl,5
349,214,Dwight,47
350,214,Ed,9
351,214,Jim,36
352,214,Jim's voicemail,1
353,214,Kelly,13
354,214,Kevin,8
355,214,Michael,126
356,214,Michael and Dwight,1
357,214,Oscar,5
358,214,Packer,7
359,214,Pam,28
360,214,Pam and others,1
361,214,Phyllis,2
362,214,Roy,8
363,214,Ryan,13
364,214,Stanley,8
365,214,Toby,8
366,214,Todd,1
367,214,Todd Packer,1
368,215,All the Men,1
369,215,Angela,5
370,215,Darryl,28
371,215,Dwight,16
372,215,Dwight and Roy,1
373,215,Group chant,1
374,215,Guy,4
375,215,Jan,55
376,215,Jim,24
377,215,Kelly,9
378,215,Kevin,4
379,215,Lonny,3
380,215,Madge,2
381,215,Men,1
382,215,Meredith,5
383,215,Michael,88
384,215,Pam,30
385,215,Phyllis,9
386,215,Roy,20
387,215,Ryan,2
388,215,Stanley,1
389,215,Women,1
390,216,Angela,4
391,216,Craig,12
392,216,Creed,3
393,216,Dan,1
394,216,David,12
395,216,Delivery man,5
396,216,Devon,1
397,216,Dwight,29
398,216,Jan,16
399,216,Jim,25
400,216,Josh,11
401,216,Kelly,13
402,216,Kevin,8
403,216,Meredith,3
404,216,Michael,53
405,216,Oscar,5
406,216,Pam,30
407,216,Phyllis,5
408,216,Receptionist,2
409,216,Roy,5
410,216,Ryan,4
411,216,Vance Refrigeration Worker #1,3
412,217,Angela,4
413,217,Creed,4
414,217,Crowd,8
415,217,Dwight,64
416,217,Jim,36
417,217,Kelly,5
418,217,Kevin,4
419,217,Meredith,1
420,217,Michael,75
421,217,Oscar,3
422,217,Overhead,1
423,217,Pam,24
424,217,Phyllis,8
425,217,Ryan,14
426,217,Speaker,2
427,217,Stanley,6
428,217,Toby,4
429,218,Abby,19
430,218,Angela,10
431,218,Chet,2
432,218,Creed,5
433,218,Darryl,5
434,218,Dwight,27
435,218,Edward R. Meow,7
436,218,Jake,27
437,218,Jim,24
438,218,Jim and Dwight,1
439,218,Kelly,8
440,218,Kevin,7
441,218,Kids,2
442,218,Melissa,17
443,218,Meredith,2
444,218,Michael,81
445,218,Michael and Dwight,2
446,218,Miss Trudy,2
447,218,Oscar,4
448,218,Pam,26
449,218,Phyllis,1
450,218,Roy,3
451,218,Ryan,12
452,218,Sasha,8
453,218,Stanley,9
454,218,The Kids,1
455,218,Toby,13
456,218,Young Michael,2
457,219,Angela,13
458,219,Carol,4
459,219,Delivery Boy,2
460,219,Delivery Woman,3
461,219,Dwight,46
462,219,Jan,5
463,219,Jim,23
464,219,Kelly,4
465,219,Kevin,15
466,219,Meredith,1
467,219,Michael,99
468,219,Office Staff,1
469,219,Oscar,7
470,219,Pam,26
471,219,Phyllis,2
472,219,Ryan,10
473,219,Stanley,3
474,219,Store Employee,1
475,219,Toby,8
476,220,Angela,8
477,220,Creed,2
478,220,Dwight,92
479,220,Hank,5
480,220,Jan,1
481,220,Jim,26
482,220,Kelly,9
483,220,Kevin,7
484,220,Linda,5
485,220,Man,1
486,220,Meredith,2
487,220,Michael,62
488,220,Oscar,8
489,220,Pam,26
490,220,Pam/Jim,1
491,220,Phyllis,7
492,220,Ryan,7
493,220,Sheriff,8
494,220,Stanley,9
495,220,Toby,9
496,220,Vance Refrigeration Worker #1,1
497,220,Vance Refrigeration Worker #2,1
498,221,Angela,12
499,221,Anglea,1
500,221,Creed,3
501,221,Dwight,50
502,221,Female worker,1
503,221,Hank the Security Guard,2
504,221,I.D. Photographer,1
505,221,Jim,37
506,221,Kelly,2
507,221,Kevin,5
508,221,Meredith,1
509,221,Michael,95
510,221,Oscar,9
511,221,Pam,26
512,221,Photographer,14
513,221,Phyllis,15
514,221,Ryan,5
515,221,Stanley,4
516,221,Toby,22
517,222,Angela,5
518,222,Billy,4
519,222,Billy's Girlfriend,2
520,222,Bob,2
521,222,Bob Vance,1
522,222,Carol,30
523,222,Creed,4
524,222,Darryl,11
525,222,Dealer,5
526,222,Dwight,40
527,222,Jan,40
528,222,Jim,53
529,222,Kelly,1
530,222,Kevin,16
531,222,Meredith,3
532,222,Meredith's Vet,3
533,222,Michael,112
534,222,Oscar,5
535,222,Pam,46
536,222,Phyllis,8
537,222,Roy,11
538,222,Ryan,1
539,222,Stanley,3
540,222,Toby,5
541,301,Andy,8
542,301,Angela,4
543,301,Creed,1
544,301,Dwight,18
545,301,Jan,12
546,301,Jim,13
547,301,Josh,1
548,301,Karen,1
549,301,Kelly,1
550,301,Kevin,1
551,301,Meredith,2
552,301,Michael,63
553,301,Oscar,17
554,301,Pam,12
555,301,Phyllis,3
556,301,Roy,4
557,301,Ryan,1
558,301,Stanley,1
559,301,Toby,10
560,302,Alan,8
561,302,Angela,10
562,302,Creed,2
563,302,Dwight,44
564,302,Dwight and Michael,1
565,302,Evan,6
566,302,Guy,2
567,302,Jan,15
568,302,Jerome Bettis,4
569,302,Jim,32
570,302,"Jim, Josh, and Dwight",1
571,302,Josh,27
572,302,Kelly,8
573,302,Kevin,3
574,302,Meredith,1
575,302,Michael,122
576,302,Pam,30
577,302,Phyllis,2
578,302,Ryan,8
579,302,Stanley,1
580,302,Ted,1
581,302,Toby,6
582,302,Waiter,1
583,303,Andy,10
584,303,Angela,13
585,303,Creed,3
586,303,Dwight,77
587,303,Jan,28
588,303,Jim,17
589,303,Josh,8
590,303,Karen,8
591,303,Kelly,8
592,303,Kevin,5
593,303,Michael,83
594,303,Pam,20
595,303,Phyllis,5
596,303,Roy,2
597,303,Ryan,1
598,303,Stanley,3
599,304,Andy,4
600,304,Angela,7
601,304,Creed,6
602,304,Dwight,40
603,304,Hannah,4
604,304,Jan,17
605,304,Jim,19
606,304,Josh,3
607,304,Karen,15
608,304,Kelly,5
609,304,Kevin,9
610,304,Man,1
611,304,Meredith,1
612,304,Michael,106
613,304,Pam,34
614,304,Phyllis,3
615,304,Roy,15
616,304,Ryan,7
617,304,Ryan and others,1
618,304,Stanley,6
619,304,Toby,10
620,305,Andy,8
621,305,Angela,4
622,305,Announcer,1
623,305,Bob,2
624,305,Cousin Mose,1
625,305,Dwight,57
626,305,Jan,11
627,305,Jim,47
628,305,Karen,13
629,305,Kelly,6
630,305,Kevin,4
631,305,Michael,44
632,305,Pam,56
633,305,Phyllis,2
634,305,Pretzel guy,3
635,305,Ryan,43
636,305,Stanley,9
637,305,Toby,1
638,306,Andy,18
639,306,Andy and Jim,4
640,306,Angela,10
641,306,Carol,19
642,306,Creed,1
643,306,Crowd,2
644,306,Dwight,8
645,306,Girls,1
646,306,Jan,12
647,306,Jim,20
648,306,Josh,2
649,306,Karen,15
650,306,Kelly,20
651,306,Kelly's Father,3
652,306,Kelly's Mom,5
653,306,Kevin,9
654,306,Meredith,2
655,306,Michael,77
656,306,Mr. Kapoor,1
657,306,Mrs. Kapoor,1
658,306,Overhead,1
659,306,Pam,26
660,306,Phyllis,2
661,306,Roy,1
662,306,Ryan,12
663,306,Server,1
664,306,Stanley,1
665,306,Toby,2
666,306,Tony,2
667,306,Young Man,1
668,307,Andy,5
669,307,Angela,7
670,307,Darryl,4
671,307,Dwight,38
672,307,Dwight ,1
673,307,Dwight:,1
674,307,Jan,32
675,307,Jim,21
676,307,Josh,12
677,307,Karen,9
678,307,Kelly,2
679,307,Kevin,12
680,307,M ichael,1
681,307,Michael,67
682,307,Michael ,1
683,307,Michael and Dwight,2
684,307,Pam,22
685,307,Phyllis,8
686,307,Roy,4
687,307,Ryan,7
688,307,Stanley,1
689,307,Toby,3
690,308,Andy,55
691,308,Andy & Michael,2
692,308,Angela,7
693,308,Creed,2
694,308,Dwight,84
695,308,Hannah,12
696,308,Jan,6
697,308,Jim,81
698,308,Karen,30
699,308,Kelly,6
700,308,Kevin,21
701,308,Male voice,1
702,308,Martin,7
703,308,Meredith,11
704,308,Michael,149
705,308,Michael & Dwight,1
706,308,Michael and Dwight,1
707,308,Pam,45
708,308,Phyllis,8
709,308,Ryan,11
710,308,Stanley,4
711,308,Toby,16
712,308,Tony,22
713,308,Video,2
714,309,Andy,17
715,309,Angela,10
716,309,Creed,2
717,309,Dwight,4
718,309,Hannah,5
719,309,Jan,7
720,309,Jim,31
721,309,Karen,10
722,309,Kevin,13
723,309,Martin,11
724,309,Meredith,1
725,309,Michael,54
726,309,Pam,16
727,309,Phyllis,1
728,309,Ryan,3
729,309,Stanley,2
730,309,Toby,4
731,310,Andy,28
732,310,Andy and Michael,1
733,310,Angela,51
734,310,Both,2
735,310,Carol,18
736,310,Chef,2
737,310,Cindy,2
738,310,Creed,4
739,310,Darryl,3
740,310,Dwight,62
741,310,Everybody,1
742,310,Hannah,2
743,310,Jim,45
744,310,Karen,35
745,310,Kelly,19
746,310,Kevin,15
747,310,Man,1
748,310,Meredith,3
749,310,Michael,115
750,310,Oscar,1
751,310,Other waitress,2
752,310,Pam,57
753,310,Phyllis,15
754,310,Roy,6
755,310,Ryan,22
756,310,Second Cindy,13
757,310,Stanley,5
758,310,Toby,15
759,310,Waitress,1
760,310,Woman at bar,1
761,311,Andy,10
762,311,Angela,7
763,311,Creed,4
764,311,Darryl,6
765,311,Dwight,39
766,311,Everybody,2
767,311,Jan,14
768,311,Jim,33
769,311,Karen,9
770,311,Kelly,2
771,311,Kevin,10
772,311,Meredith,2
773,311,Michael,100
774,311,Packer,7
775,311,Pam,43
776,311,Phyllis,5
777,311,Roy,7
778,311,Ryan,2
779,311,Someone,2
780,311,Stanley,10
781,311,Toby,9
782,312,Andy,29
783,312,Angela,17
784,312,Buyer,2
785,312,Dwight,33
786,312,Guy,1
787,312,Harvey,7
788,312,Jan,1
789,312,Jim,39
790,312,Julius,3
791,312,Karen,16
792,312,Kelly,2
793,312,Kenny,1
794,312,Kevin,7
795,312,Man,5
796,312,Michael,48
797,312,Pam,26
798,312,Phone,1
799,312,Phyllis,10
800,312,Ryan,8
801,312,Stanley,8
802,313,Andy,40
803,313,Angela,14
804,313,Creed,3
805,313,Dwight,25
806,313,Everybody,1
807,313,Jim,25
808,313,Karen,4
809,313,Kevin,3
810,313,Lady,2
811,313,MIchael,1
812,313,Marcy,3
813,313,Meredith,2
814,313,Michael,48
815,313,Oscar,11
816,313,Pam,10
817,313,Paris,6
818,313,Phyllis,3
819,313,Ryan,3
820,313,Stanley,2
821,313,Staples Guy,1
822,314,Angela,5
823,314,Ben Franklin,24
824,314,Bob Vance,1
825,314,Dwight,29
826,314,Elizabeth,17
827,314,Jan,6
828,314,Jim,25
829,314,Karen,15
830,314,Kelly,3
831,314,Kevin,3
832,314,Meredith,2
833,314,Michael,77
834,314,Packer,12
835,314,Pam,30
836,314,Roy,1
837,314,Ryan,6
838,314,Stanley,1
839,315,Angela,3
840,315,Bob Vance,7
841,315,Crowd,3
842,315,Dwight,25
843,315,Jim,19
844,315,Karen,4
845,315,Kelly,6
846,315,Kevin,4
847,315,Meredith,1
848,315,Michael,49
849,315,Pam,15
850,315,Photographer,1
851,315,Phyllis,15
852,315,Priest,4
853,315,Randy,2
854,315,Roy,9
855,315,Stanley,2
856,315,Toby,2
857,315,Uncle Al,7
858,315,Unknown,1
859,315,Women,1
860,316,Angela,5
861,316,Artist,1
862,316,Business Student #1,4
863,316,Business Student #2,3
864,316,Business Student #3,2
865,316,College Student,1
866,316,Creed,8
867,316,Dwight,25
868,316,Gil,4
869,316,Jim,20
870,316,Karen,6
871,316,Kelly,11
872,316,Kenny,3
873,316,Kevin,7
874,316,Meredith,12
875,316,Michael,65
876,316,Oscar,9
877,316,Pam,29
878,316,Roy,8
879,316,Ryan,16
880,316,Stanley,2
881,316,Student 1,1
882,316,Student 2,5
883,316,Student 3,1
884,316,Toby,3
885,316,Woman,4
886,317,Angela,3
887,317,Bartender,1
888,317,Child,2
889,317,Creed,2
890,317,Dan Gore,1
891,317,David,8
892,317,Dwight,35
893,317,Everyone,1
894,317,Jan,47
895,317,Jim,22
896,317,Karen,14
897,317,Kelly,4
898,317,Kenny,7
899,317,Kevin,12
900,317,Man,1
901,317,Melissa,6
902,317,Meredith,2
903,317,Michael,85
904,317,Oscar,1
905,317,Pam,24
906,317,Rachel,11
907,317,Roy,24
908,317,Ryan,12
909,317,Stanley,5
910,317,Student 1,1
911,317,Student 2,1
912,317,Toby,5
913,317,Waiter,3
914,318,Andy,2
915,318,Angela,11
916,318,Creed,3
917,318,Darryl,43
918,318,Dwight,18
919,318,Hunter,1
920,318,Jan,30
921,318,Jim,41
922,318,Karen,16
923,318,Kelly,14
924,318,Kevin,8
925,318,Michael,107
926,318,Oscar,4
927,318,Pam,16
928,318,Phyllis,4
929,318,Roy,8
930,318,Ryan,9
931,318,Stanley,4
932,318,Toby,17
933,319,Andy,34
934,319,Angela,5
935,319,Creed,4
936,319,Darry,1
937,319,Darryl,32
938,319,Dwight,70
939,319,Everyone,2
940,319,Guy,1
941,319,Jim,31
942,319,Karen,5
943,319,Kelly,11
944,319,Kevin,22
945,319,Larry,2
946,319,Lonny,12
947,319,Madge,2
948,319,Michael,102
949,319,Micheal,1
950,319,Oscar,3
951,319,Pam,21
952,319,Phyllis,3
953,319,Ryan,9
954,319,Stanley,5
955,319,Toby,8
956,320,Andy,56
957,320,Angela,25
958,320,Barbara,14
959,320,Barbara Allen,4
960,320,Chad Lite,9
961,320,Creed,15
962,320,Denise,9
963,320,Dwight,42
964,320,Jamie,6
965,320,Jim,74
966,320,Karen,4
967,320,Kelly,25
968,320,Kevin,10
969,320,Michael,68
970,320,Oscar,9
971,320,Pam,16
972,320,Phyllis,1
973,320,Ryan,3
974,320,School Official,4
975,320,Spanish Teacher,3
976,320,Stanley,1
977,321,Andy,16
978,321,Angela,11
979,321,Bob,1
980,321,Creed,6
981,321,Dwight,46
982,321,Hunter,1
983,321,Jan,17
984,321,Jim,33
985,321,Karen,15
986,321,Kelly,7
987,321,Kevin,11
988,321,Meredith,5
989,321,Michael,92
990,321,Pam,36
991,321,Phyllis,12
992,321,Ryan,5
993,321,Stanley,2
994,321,Toby,7
995,322,All,1
996,322,Andy,21
997,322,Angela,8
998,322,Creed,2
999,322,David,9
1000,322,Dwight,50
1001,322,Everyone,1
1002,322,Group,6
1003,322,Jim,30
1004,322,Karen,9
1005,322,Kelly,9
1006,322,Kevin,6
1007,322,Meredith,7
1008,322,Michael,145
1009,322,Oscar,5
1010,322,Pam,30
1011,322,Phyllis,5
1012,322,Ryan,5
1013,322,Stanley,12
1014,322,Toby,4
1015,323,Andy,30
1016,323,Angela,6
1017,323,Creed,3
1018,323,David,47
1019,323,Dwight,70
1020,323,Everyone,1
1021,323,Hunter,6
1022,323,Jan,43
1023,323,Jim,65
1024,323,Karen,40
1025,323,Kelly,7
1026,323,Kevin,17
1027,323,Meredith,6
1028,323,Michael,123
1029,323,Oscar,12
1030,323,Pam,51
1031,323,Phyllis,5
1032,323,Receptionist,1
1033,323,Ryan,4
1034,323,Stanley,7
1035,401,Andy,10
1036,401,Angela,50
1037,401,Bob Vance,1
1038,401,Creed,9
1039,401,Darryl,5
1040,401,Dwight,57
1041,401,Elizabeth,3
1042,401,IT Tech Guy,3
1043,401,Intern,5
1044,401,Jan,7
1045,401,Jim,53
1046,401,Kelly,7
1047,401,Kevin,21
1048,401,Meredith,25
1049,401,Michael,160
1050,401,Nurse,3
1051,401,Oscar,14
1052,401,Pam,84
1053,401,Pediatrician,3
1054,401,Phyllis,9
1055,401,Ryan,8
1056,401,Someone,1
1057,401,Stanley,10
1058,401,Toby,11
1059,401,Waitress,1
1060,402,Amy,3
1061,402,Andy,14
1062,402,Angela,23
1063,402,Creed,15
1064,402,Dwight,74
1065,402,Ex-client,17
1066,402,GPS,4
1067,402,Jan,17
1068,402,Jim,48
1069,402,Kelly,24
1070,402,Kevin,16
1071,402,Larry Myers,6
1072,402,Michael,158
1073,402,Oscar,8
1074,402,Pam,56
1075,402,Phyllis,13
1076,402,Robert Dunder,11
1077,402,Ryan,85
1078,402,Stanley,5
1079,402,Toby,18
1080,403,All,5
1081,403,Andy,47
1082,403,Angela,52
1083,403,Angels,1
1084,403,Bartender,1
1085,403,Creed,1
1086,403,Darryl,9
1087,403,DunMiff/sys,6
1088,403,Dwight,88
1089,403,DwightKSchrute,3
1090,403,Everyone,1
1091,403,Jan,6
1092,403,Jim,70
1093,403,Kelly,12
1094,403,Kevin,17
1095,403,Man,4
1096,403,Manager,1
1097,403,Meredith,14
1098,403,Michael,156
1099,403,Oscar,12
1100,403,Pam,31
1101,403,Pam and Jim,1
1102,403,Phyllis,9
1103,403,Pizza guy,22
1104,403,Ryan,7
1105,403,Stanley,7
1106,403,Tech Guy,1
1107,403,Toby,8
1108,403,Voice #1 on phone,2
1109,403,Voice #2 on phone,1
1110,403,Voice of Thomas Dean,1
1111,403,sAndy,1
1112,404,Andy,25
1113,404,Angela,10
1114,404,Co-Worker 1,1
1115,404,Co-Worker 2,3
1116,404,Co-Worker 3,3
1117,404,Creed,7
1118,404,Darryl,10
1119,404,Dwight,53
1120,404,Jan,40
1121,404,Jim,52
1122,404,Kelly,13
1123,404,Kevin,12
1124,404,Meredith,1
1125,404,Micael,1
1126,404,Micahel,1
1127,404,Michae,1
1128,404,Michael,159
1129,404,Mose,13
1130,404,Mr. Figaro,4
1131,404,Nick,13
1132,404,Oscar,32
1133,404,Oscar and Stanley,1
1134,404,Pam,56
1135,404,Phyllis,3
1136,404,Ryan,21
1137,404,Stanely,2
1138,404,Stanley,7
1139,404,Toby,2
1140,404,Vikram,11
1141,405,Ad guy 1,12
1142,405,Ad guy 2,6
1143,405,Andy,21
1144,405,"Andy, Creed, Kevin, Kelly",5
1145,405,"Andy, Creed, Kevin, Kelly, Darryl",1
1146,405,Angela,2
1147,405,Bartender,4
1148,405,Both,1
1149,405,Creed,2
1150,405,Darryl,10
1151,405,David Wallace,3
1152,405,Dwight,11
1153,405,Everyone,3
1154,405,Jim,47
1155,405,Kevin,3
1156,405,Meredith,3
1157,405,Michael,92
1158,405,Michael's Ad,1
1159,405,Oscar,1
1160,405,Pam,22
1161,405,Phyllis,7
1162,405,Receptionist,1
1163,405,Ryan,8
1164,405,Stanley,1
1165,405,Toby,2
1166,406,All,1
1167,406,Andy,12
1168,406,Angela,1
1169,406,Ben,4
1170,406,Dwight,44
1171,406,Dwight and Michael,1
1172,406,Jim,78
1173,406,Karen,25
1174,406,Kevin,2
1175,406,Meredith,1
1176,406,Michael,90
1177,406,Michael and Dwight,2
1178,406,Oscar,12
1179,406,Pam,26
1180,406,Phyllis,2
1181,406,Rolando,2
1182,406,Security guard,1
1183,406,Stanley,10
1184,406,Toby,10
1185,407,Andy,7
1186,407,Angela,7
1187,407,Creed,12
1188,407,Dwight,36
1189,407,Everybody,1
1190,407,Jim,69
1191,407,Kelly,1
1192,407,Kevin,2
1193,407,Meredith,5
1194,407,Michael,82
1195,407,Oscar,7
1196,407,Pam,23
1197,407,Phyllis,4
1198,407,Stanley,2
1199,407,Toby,16
1200,408,Andy,6
1201,408,Angela,1
1202,408,Council,1
1203,408,Creed,3
1204,408,Darryl,3
1205,408,David,3
1206,408,David Wallace,1
1207,408,Deposition Reporter,3
1208,408,Diane,10
1209,408,Diane Kelly,18
1210,408,Dwight,5
1211,408,Jan,30
1212,408,Jim,27
1213,408,Kelly,15
1214,408,Kevin,4
1215,408,Lester,26
1216,408,Man,5
1217,408,Meredith,1
1218,408,Michael,89
1219,408,Oscar,4
1220,408,Pam,25
1221,408,Phyllis,3
1222,408,Ryan,10
1223,408,Stanley,3
1224,408,Toby,4
1225,409,All,1
1226,409,Andy,14
1227,409,Angela,14
1228,409,Dwight,18
1229,409,Hunter's CD,1
1230,409,Jan,90
1231,409,Jim,42
1232,409,Michae,1
1233,409,Michael,101
1234,409,Neighbor,1
1235,409,Officer,1
1236,409,Officer 1,3
1237,409,Officer 2,2
1238,409,Pam,35
1239,409,Phyllis,1
1240,409,Stanley,1
1241,409,Woman,5
1242,410,Andy,14
1243,410,Angela,4
1244,410,Bill Cress,1
1245,410,Bob Vance,1
1246,410,Coffee shop worker,1
1247,410,Creed,3
1248,410,Dwight,22
1249,410,Jan [on phone],1
1250,410,Jim,26
1251,410,Kelly,7
1252,410,Kevin,20
1253,410,Margaret,8
1254,410,Michael,100
1255,410,Michael/Dwight,1
1256,410,Oscar,2
1257,410,Pam,42
1258,410,Paul,2
1259,410,Paul Faust,1
1260,410,Phyllis,9
1261,410,Stanley,1
1262,410,Toby,1
1263,410,W.B. Jones,4
1264,410,Wendy's phone operator,5
1265,411,All Girls,1
1266,411,Andy,4
1267,411,Angela,5
1268,411,Bartender,2
1269,411,Cleaning lady,1
1270,411,Creed,2
1271,411,Dwight,48
1272,411,Girl in 2nd club,5
1273,411,Girl in Club,5
1274,411,Hank,6
1275,411,Jim,43
1276,411,Kelly,5
1277,411,Kevin,4
1278,411,Meredith,1
1279,411,Michael,104
1280,411,Oscar,8
1281,411,Pam,17
1282,411,Phyllis,5
1283,411,Ryan,70
1284,411,Stanley,6
1285,411,Tall Girl #1,5
1286,411,Tall Girl #2,1
1287,411,Toby,8
1288,411,Troy,5
1289,411,Waitress,1
1290,412,Andy,23
1291,412,Angela,3
1292,412,Creed,1
1293,412,Darryl,13
1294,412,Dwight,32
1295,412,Jim,31
1296,412,Kelly,6
1297,412,Kevin,8
1298,412,Meredith,1
1299,412,Michael,99
1300,412,Oscar,2
1301,412,Pam,30
1302,412,Phyllis,9
1303,412,Ryan,14
1304,412,Stanley,23
1305,412,Toby,13
1306,413,Air Force recruiter,2
1307,413,Andy,14
1308,413,Angela,4
1309,413,Angela and Dwight,1
1310,413,Brad,18
1311,413,Creed,4
1312,413,Darryl,6
1313,413,Dwight,10
1314,413,Graphics guy,10
1315,413,Jim,21
1316,413,Justin,14
1317,413,Kelly,1
1318,413,Kevin,9
1319,413,Kid,2
1320,413,Maguire,1
1321,413,Meredith,1
1322,413,Michael,76
1323,413,Michael and Darryl,1
1324,413,Oscar,5
1325,413,Pam,34
1326,413,Phil,10
1327,413,Phil Maguire,5
1328,413,Phyllis,2
1329,413,Woman on mic,1
1330,414,Andy,12
1331,414,Angela,17
1332,414,Bob Vance,1
1333,414,Co-workers,2
1334,414,Creed,8
1335,414,Darryl,3
1336,414,Dwight,49
1337,414,Hank,1
1338,414,Holly,73
1339,414,Holy,1
1340,414,Jan,24
1341,414,Jim,77
1342,414,Kelly,4
1343,414,Kevin,23
1344,414,Meredith,9
1345,414,Michael,167
1346,414,Oscar,4
1347,414,Pam,47
1348,414,Phyllis,23
1349,414,Ryan,5
1350,414,Someone,1
1351,414,Stanley,5
1352,414,Toby,51
1353,414,Troy,6
1354,414,Vance Refrigeration guy,1
1355,414,Woman over speakerphone,3
1356,501,Andy,31
1357,501,Angela,26
1358,501,Creed,5
1359,501,Darryl,13
1360,501,Dwight,61
1361,501,Friend,5
1362,501,Holly,56
1363,501,JIM9334,2
1364,501,JIM9334 [screen name],1
1365,501,Jan,13
1366,501,Jim,68
1367,501,Kelly,17
1368,501,Kevin,14
1369,501,Meredith,7
1370,501,Michael,130
1371,501,Micheal,2
1372,501,Oscar,24
1373,501,Pam,36
1374,501,Phyllis,16
1375,501,Professor,5
1376,501,Receptionitis15,2
1377,501,Receptionitis15 [screen name],1
1378,501,Ronnie,3
1379,501,Ryan,20
1380,501,Stanley,8
1381,501,Toby,3
1382,502,Andy,12
1383,502,Angela,2
1384,502,Creed,2
1385,502,Dight,1
1386,502,Dwight,14
1387,502,Holly,53
1388,502,Jim,29
1389,502,Kelly,3
1390,502,Kendall,6
1391,502,Kevin,13
1392,502,Meredith,23
1393,502,Michael,64
1394,502,Michael & Holly,1
1395,502,Micheal,3
1396,502,Oscar,7
1397,502,Pam,9
1398,502,Phyllis,6
1399,502,Ryan,12
1400,502,Stanley,5
1401,503,Andy,13
1402,503,Angela,16
1403,503,Creed,2
1404,503,Darryl,9
1405,503,Dwight,39
1406,503,Holly,14
1407,503,Jan,51
1408,503,Jim,28
1409,503,Kelly,2
1410,503,Kevin,12
1411,503,Meredith,1
1412,503,Michael,83
1413,503,Oscar,4
1414,503,Pam,25
1415,503,Phyllis,7
1416,503,Stanley,2
1417,503,Toby,3
1418,504,All,1
1419,504,Andy,7
1420,504,Angela,8
1421,504,Bob,10
1422,504,Creed,2
1423,504,Darryl,8
1424,504,David Wallace,5
1425,504,Dwight,33
1426,504,Guy in audience,2
1427,504,Hank [the security guard],1
1428,504,Holly,36
1429,504,Jim,36
1430,504,Kevin,5
1431,504,Man on phone,1
1432,504,Michael,94
1433,504,Michael [on phone],2
1434,504,Oscar,5
1435,504,Pam,11
1436,504,Pam [on phone],4
1437,504,Phyllis,24
1438,504,Receptionist,1
1439,504,Roy,14
1440,504,Stanley,1
1441,505,Andy,44
1442,505,Angela,8
1443,505,Creed,2
1444,505,Darryl,55
1445,505,Dwight,38
1446,505,Holly,73
1447,505,Holly & Darryl,1
1448,505,Holly & Michael,1
1449,505,Jim,25
1450,505,Kelly,7
1451,505,Kevin,5
1452,505,Meredith,1
1453,505,Michael,101
1454,505,Michael & Holly,3
1455,505,Michael and Holly,1
1456,505,"Michael, Holly, and Darryl",1
1457,505,Oscar,6
1458,505,Pam,25
1459,505,Pete,15
1460,505,Phyllis,5
1461,505,Ryan,4
1462,505,Stanley,1
1463,505,Tom,13
1464,506,Alex,10
1465,506,Andy,29
1466,506,Angela,6
1467,506,Customer,5
1468,506,Darryl,1
1469,506,Dwight,99
1470,506,Dwight ,1
1471,506,Group,1
1472,506,Jim,111
1473,506,Jim and Pam,1
1474,506,Kelly,23
1475,506,Kevin,2
1476,506,Kevin & Andy,1
1477,506,Meredith,1
1478,506,Michael,73
1479,506,Mother,4
1480,506,Pam,34
1481,506,Phyllis,4
1482,506,Ryan,6
1483,506,Stanley,4
1484,506,Stanley & Phyllis,1
1485,507,Andy,69
1486,507,Angela,10
1487,507,Beth,4
1488,507,Client,2
1489,507,Concierge,3
1490,507,Concierge Marie,2
1491,507,Creed,1
1492,507,Dacvid Walalce,1
1493,507,Dacvid Wallace,1
1494,507,David Wallace,14
1495,507,David Wallcve,1
1496,507,Dwight,16
1497,507,Guy,1
1498,507,Guy at table,3
1499,507,Jim,22
1500,507,Kelly,15
1501,507,Kevin,2
1502,507,Marie,5
1503,507,Meredith,5
1504,507,Michael,77
1505,507,Oscar,38
1506,507,Pam,14
1507,507,Phyllis,2
1508,507,Ryan,13
1509,507,Stanley,3
1510,507,Stewardess,1
1511,508,Andy,6
1512,508,Angela,2
1513,508,Creed,2
1514,508,David,11
1515,508,Dwight,38
1516,508,Jim,31
1517,508,Kelly,10
1518,508,Kevin,2
1519,508,Leo,3
1520,508,Meredith,2
1521,508,Michael,90
1522,508,Oscar,3
1523,508,Pam,26
1524,508,Phyllis,3
1525,508,Police Officer 1,10
1526,508,Police Officer 2,6
1527,508,Ryan,18
1528,508,Toby,29
1529,508,Vance Refrigeration Guy,4
1530,508,Vance Refrigeration guy,2
1531,509,Andy,18
1532,509,Angela,23
1533,509,Creed,1
1534,509,David,6
1535,509,Dwight,29
1536,509,Hank,13
1537,509,Jim,31
1538,509,Kelly,1
1539,509,Kevin,3
1540,509,Meredith,1
1541,509,Michael,100
1542,509,Oscar,31
1543,509,Pam,58
1544,509,Phyllis,2
1545,509,Stanley,4
1546,509,Toby,2
1547,510,Andy,8
1548,510,Angela,12
1549,510,Creed,1
1550,510,Darryl,6
1551,510,Dwight,27
1552,510,Guy,3
1553,510,Guy buying doll,1
1554,510,Jim,26
1555,510,Kelly,1
1556,510,Kevin,3
1557,510,Meredith,36
1558,510,Michael,65
1559,510,Oscar,5
1560,510,Pam,6
1561,510,Phyllis,19
1562,510,Rehab Nurse,1
1563,510,Sasha,1
1564,510,Stanley,4
1565,510,Toby,15
1566,511,Andy,65
1567,511,Angela,22
1568,511,Creed,2
1569,511,David,8
1570,511,Dwight,66
1571,511,Everyone,1
1572,511,Everyone watching,1
1573,511,Jim,34
1574,511,Kelly,2
1575,511,Kevin,8
1576,511,Meredith,6
1577,511,Michael,52
1578,511,Oscar,10
1579,511,Pam,9
1580,511,Phyllis,3
1581,511,Stanley,2
1582,512,Andy,5
1583,512,Angela,3
1584,512,Creed,1
1585,512,David,9
1586,512,Dwight,73
1587,512,Dwight and Michael,1
1588,512,Entire Prince family,1
1589,512,Entire office,1
1590,512,Jim,13
1591,512,Jim ,1
1592,512,Kelly,2
1593,512,Kevin,14
1594,512,Linda,2
1595,512,Meredith,2
1596,512,Michael,90
1597,512,Oscar,3
1598,512,Pam,5
1599,512,Phyllis,4
1600,512,Prince,1
1601,512,Prince Granddaughter,4
1602,512,Prince Grandfather,19
1603,512,Prince Grandmother,2
1604,512,Prince Son,1
1605,512,Stanley,5
1606,513,Andy,23
1607,513,Angela,16
1608,513,CPR Trainer,3
1609,513,CPR trainer,1
1610,513,Creed,4
1611,513,Darryl,6
1612,513,David,1
1613,513,David Wallace,9
1614,513,Dwight,73
1615,513,Everyone,3
1616,513,Group,1
1617,513,Jessica Alba,2
1618,513,Jim,35
1619,513,Kelly,3
1620,513,Kevin,8
1621,513,Lawyer,2
1622,513,Lily,6
1623,513,Meredith,3
1624,513,Michael,118
1625,513,Michel,1
1626,513,Oscar,11
1627,513,Pam,32
1628,513,Phyllis,11
1629,513,Phyllis and Creed,1
1630,513,Rose,8
1631,513,Sam,6
1632,513,Stanley,28
1633,513,Warehouse Michael,1
1634,514,Andy,27
1635,514,Creed,5
1636,514,Dwight,25
1637,514,Jim,34
1638,514,Julia,13
1639,514,Karen,20
1640,514,Kelly,8
1641,514,Mark,2
1642,514,Michael,55
1643,514,Oscar,1
1644,514,Pam,35
1645,514,Phyllis,3
1646,514,Rolando,2
1647,514,Stanley,7
1648,515,A.J.,8
1649,515,All,1
1650,515,Angela,19
1651,515,Creed,2
1652,515,Dwight,33
1653,515,Jim,33
1654,515,Karen,2
1655,515,Kelly,18
1656,515,Kevin,18
1657,515,Man,1
1658,515,Meredith,9
1659,515,Michael,50
1660,515,Oscar,13
1661,515,Pam,38
1662,515,Phyllis,1
1663,515,Receptionist,5
1664,515,Stanley,2
1665,515,Woman,1
1666,516,Angela,4
1667,516,Blonde,6
1668,516,Blood Drive Worker,8
1669,516,Blood Girl,17
1670,516,Bob,9
1671,516,Dwight,31
1672,516,Eric,1
1673,516,Girl,1
1674,516,Hank,1
1675,516,Jim,35
1676,516,"Jim, Pam, Michael and Dwight",2
1677,516,Kelly,9
1678,516,Kevin,15
1679,516,Lynn,6
1680,516,Meredith,3
1681,516,Michael,86
1682,516,Oscar,14
1683,516,Pam,32
1684,516,Phone Salesman,7
1685,516,Phyllis,11
1686,516,Stanley,2
1687,517,Andy,12
1688,517,Creed,2
1689,517,Darryl,3
1690,517,David,25
1691,517,Dwight,71
1692,517,Jim,39
1693,517,Kevin,10
1694,517,Lynn,3
1695,517,Man on phone,1
1696,517,Michael,113
1697,517,Oscar,7
1698,517,Pam,24
1699,517,Stanley,1
1700,518,Andy,6
1701,518,Angela,8
1702,518,Charles,66
1703,518,Creed,2
1704,518,David,18
1705,518,Dwight,21
1706,518,Employees,1
1707,518,Jim,30
1708,518,Kelly,7
1709,518,Kevin,5
1710,518,Meredith,1
1711,518,Michael,104
1712,518,Oscar,3
1713,518,Pam,14
1714,518,Phyllis,3
1715,518,Stanley,2
1716,518,Stephanie,6
1717,519,Andy,14
1718,519,Angela,6
1719,519,Angela and Kelly,1
1720,519,Charles,25
1721,519,Creed,1
1722,519,Dwight,12
1723,519,Everyone,1
1724,519,Hank,3
1725,519,Isaac,7
1726,519,Jim,26
1727,519,Kelly,6
1728,519,Kevin,13
1729,519,Meredith,2
1730,519,Michael,88
1731,519,Oscar,12
1732,519,Pam,38
1733,519,Phone,1
1734,519,Phyllis,3
1735,519,Stanley,7
1736,519,Toby,1
1737,520,Andy,16
1738,520,Angela,3
1739,520,Chares,1
1740,520,Charles,40
1741,520,Creed,1
1742,520,Dwight,17
1743,520,Jim,35
1744,520,Kelly,1
1745,520,Kevin,10
1746,520,Michael,78
1747,520,Michal,1
1748,520,Micheal,1
1749,520,Nana,10
1750,520,Old Woman,1
1751,520,Oscar,1
1752,520,Pam,65
1753,520,Phyllis,2
1754,520,Ryan,11
1755,520,Stanley,4
1756,520,Supervisor,1
1757,520,Vikram,10
1758,521,Andy,18
1759,521,Charles,25
1760,521,Creed,2
1761,521,Dwight,28
1762,521,Dwight and Andy,1
1763,521,Dwight and Erin,1
1764,521,Erin,16
1765,521,Jim,28
1766,521,Kelly,5
1767,521,Kevin,2
1768,521,Man,1
1769,521,Meredith,1
1770,521,Michael,46
1771,521,Oscar,5
1772,521,Pam,45
1773,521,Phyllis,1
1774,521,Ryan,25
1775,521,Stanley,3
1776,521,Toby,3
1777,522,Andy,31
1778,522,Automated phone voice,1
1779,522,Charles,14
1780,522,Dwight,83
1781,522,Jim,27
1782,522,Kelly,1
1783,522,Kevin,1
1784,522,Michael,95
1785,522,"Michael, Pam & Ryan",1
1786,522,Mr. Schofield,7
1787,522,Pam,18
1788,522,Phyllis,5
1789,522,Ryan,9
1790,522,Secretary,4
1791,522,Stanley,1
1792,523,Andy,3
1793,523,Angela,2
1794,523,Charles,39
1795,523,David,36
1796,523,David Wallace,1
1797,523,Dwight,25
1798,523,Erin,1
1799,523,Financial Guy,11
1800,523,Jim,29
1801,523,Jim ,1
1802,523,Kelly,2
1803,523,Kevin,1
1804,523,Michael,76
1805,523,Pam,33
1806,523,Phyllis,1
1807,523,Ryan,24
1808,523,Stanley,1
1809,523,Ty,2
1810,524,Andy,12
1811,524,Angela,5
1812,524,Creed,9
1813,524,Darryl,1
1814,524,Dwight,49
1815,524,Erin,10
1816,524,Jim,29
1817,524,Kelly,2
1818,524,Kevin,1
1819,524,Meredith,8
1820,524,Michael,95
1821,524,Oscar,5
1822,524,Pam,30
1823,524,Phyllis,13
1824,524,Ryan,25
1825,524,Stanley,12
1826,524,Toby,13
1827,525,Andy,16
1828,525,Angela,17
1829,525,Bob Vance,2
1830,525,Creed,3
1831,525,Dwight,32
1832,525,Erin,23
1833,525,Jessica,3
1834,525,Jim,17
1835,525,Kelly,11
1836,525,Kevin,15
1837,525,Lynn,7
1838,525,Meredith,1
1839,525,Michael,85
1840,525,Oscar,6
1841,525,Pam,19
1842,525,Phylis,1
1843,525,Phyllis,27
1844,525,Ryan,2
1845,525,Stanley,2
1846,525,VRG 1,4
1847,525,VRG 2,3
1848,525,Vance Refrigeration Guy 1,1
1849,525,Vance Refrigeration Guy 2,1
1850,526,AJ,8
1851,526,Andy,12
1852,526,Angela,3
1853,526,Both,1
1854,526,Charles,12
1855,526,David,13
1856,526,Dwight,41
1857,526,Erin,3
1858,526,Holly,38
1859,526,Jim,24
1860,526,Kendall,2
1861,526,Kevin,5
1862,526,Man,1
1863,526,Man from Buffalo,3
1864,526,Meredith,2
1865,526,Michael,55
1866,526,Nurse,3
1867,526,Oscar,2
1868,526,Pam,25
1869,526,Phyllis,4
1870,526,Rolph,9
1871,526,Stanley,2
1872,526,Toby,2
1873,526,Woman,1
1874,526,Woman from Buffalo,2
1875,601,Andy,38
1876,601,Andy & Michael,1
1877,601,Angela,5
1878,601,Creed,6
1879,601,Dwight,20
1880,601,Dwight & Andy,2
1881,601,"Dwight, Jim & Pam",1
1882,601,Eric,8
1883,601,Erin,7
1884,601,Everyone,3
1885,601,Female Intern,2
1886,601,Female intern,1
1887,601,Jim,42
1888,601,Jim & Pam,1
1889,601,Kelly,9
1890,601,Kevin,14
1891,601,Maurie,10
1892,601,Megan,3
1893,601,Meredith,4
1894,601,Michael,95
1895,601,Michael & Dwight,2
1896,601,Oscar,10
1897,601,Pam,27
1898,601,Phyllis,7
1899,601,Ryan,1
1900,601,Stanley,12
1901,601,Toby,1
1902,602,Andy,7
1903,602,Angela,3
1904,602,Creed,4
1905,602,Darryl,15
1906,602,David,34
1907,602,David Wallace,1
1908,602,Dwight,32
1909,602,Erin,3
1910,602,Gwenneth,2
1911,602,Jim,19
1912,602,Kelly,3
1913,602,Kevin,1
1914,602,Meredith,6
1915,602,Michael,71
1916,602,Michael ,1
1917,602,Oscar,7
1918,602,Pam,24
1919,602,Phyllis,2
1920,602,Ryan,5
1921,602,Stanley,2
1922,602,Toby,26
1923,603,Andy,3
1924,603,Angela,5
1925,603,Creed,3
1926,603,David Wallace,6
1927,603,Dwight,29
1928,603,Erin,3
1929,603,Jim,91
1930,603,Kelly,4
1931,603,Kevin,14
1932,603,Meredith,9
1933,603,Michael,86
1934,603,Oscar,12
1935,603,Pam,17
1936,603,Phyllis,13
1937,603,Ryan,5
1938,603,Stanley,3
1939,604,Andy,33
1940,604,Angela,12
1941,604,Dwight,84
1942,604,Erin,10
1943,604,Everyone,1
1944,604,Front Desk Clerk,10
1945,604,Hotel Employee,4
1946,604,Hotel Manager,4
1947,604,Isabel,11
1948,604,Jim,56
1949,604,Kelly,3
1950,604,Kevin,30
1951,604,Kids,1
1952,604,Little Girl,1
1953,604,Mema,13
1954,604,Meredith,6
1955,604,Michael,129
1956,604,Michael and Dwight,1
1957,604,Micheal,1
1958,604,Michel,1
1959,604,Mr. Beesly,2
1960,604,Mr. Halpert,5
1961,604,Oscar,9
1962,604,Pam,70
1963,604,Pam's dad,1
1964,604,Pam's mom,11
1965,604,Penny,11
1966,604,Pete,6
1967,604,Pete Halpert,1
1968,604,Phyllis,3
1969,604,Ryan,3
1970,604,Stanley,7
1971,604,Toby,4
1972,604,Tom,6
1973,604,Tom Halpert,1
1974,604,Tom and Pete,1
1975,605,Andy,57
1976,605,Andy and Dwight,1
1977,605,Credit card rep,1
1978,605,Creed,1
1979,605,Dwight,50
1980,605,Dwight and Andy,1
1981,605,Erin,7
1982,605,Grotti,30
1983,605,Jim,14
1984,605,Kevin,17
1985,605,Kid,1
1986,605,Meredith,3
1987,605,Michael,122
1988,605,Oscar,18
1989,605,Pam,5
1990,605,Phyllis,1
1991,605,Rep,6
1992,605,Ryan,4
1993,605,Toby,3
1994,605,Waitress,7
1995,605,Woman,4
1996,606,Andy,9
1997,606,Angela,5
1998,606,Creed,1
1999,606,Dwight,30
2000,606,Erin,12
2001,606,Jim,60
2002,606,Kelly,10
2003,606,Kevin,6
2004,606,Meredith,4
2005,606,Michael,85
2006,606,Oscar,6
2007,606,Pam,60
2008,606,Phyllis,2
2009,606,Ryan,8
2010,606,Stanley,1
2011,606,Toby,15
2012,606,Various,1
2013,607,Andy,37
2014,607,Angela,10
2015,607,Creed,3
2016,607,Customer,4
2017,607,Darryl,7
2018,607,Dwight,14
2019,607,Erin,17
2020,607,Jim,49
2021,607,Keena Gifford,6
2022,607,Kelly,2
2023,607,Kevin,10
2024,607,Kids,2
2025,607,Meredith,8
2026,607,Michael,85
2027,607,Oscar,11
2028,607,Pam,39
2029,607,Phyllis,9
2030,607,Ryan,1
2031,607,Secretary,2
2032,607,Stanley,3
2033,608,Andy,28
2034,608,Angela,2
2035,608,Creed,2
2036,608,Dwight,50
2037,608,Erin,3
2038,608,Helene,37
2039,608,Hostess,1
2040,608,Jim,26
2041,608,Kelly,5
2042,608,Kevin,6
2043,608,Meredith,1
2044,608,Michael,114
2045,608,Michel,1
2046,608,Oscar,3
2047,608,Pam,70
2048,608,Phyllis,2
2049,608,Ryan,8
2050,608,Stanley,1
2051,608,Toby,7
2052,609,Andy,24
2053,609,Angela,6
2054,609,Creed,2
2055,609,David,4
2056,609,David Wallace's Secretary,2
2057,609,Dwight,30
2058,609,Erin,15
2059,609,Jim,47
2060,609,Kelly,1
2061,609,Kevin,11
2062,609,Meredith,4
2063,609,Michael,67
2064,609,Oscar,8
2065,609,Pam,12
2066,609,Phyllis,5
2067,609,Ryan,1
2068,609,Stanley,6
2069,609,Voice on CD player,2
2070,610,Alan,12
2071,610,Andy,14
2072,610,Creed,1
2073,610,David,14
2074,610,Dwight,26
2075,610,Erin,3
2076,610,Female Shareholder,1
2077,610,Fourth Shareholder,1
2078,610,Jim,37
2079,610,Jim & Pam,1
2080,610,Kevin,4
2081,610,Laurie,5
2082,610,Limo Driver,2
2083,610,Man in line,1
2084,610,Meredith,1
2085,610,Michael,71
2086,610,O'Keefe,5
2087,610,Oscar,18
2088,610,Pam,12
2089,610,Phyllis,7
2090,610,Registrar,1
2091,610,Ryan,18
2092,610,Second Shareholder,1
2093,610,Security,2
2094,610,Shareholder,1
2095,610,Stanley,4
2096,610,Third Shareholder,1
2097,610,Woman in line,3
2098,611,Andy,22
2099,611,Angela,3
2100,611,Creed,1
2101,611,David,8
2102,611,David Wallace,1
2103,611,Deliveryman,1
2104,611,Dwight,36
2105,611,Erin,21
2106,611,Everyone,1
2107,611,Jim,38
2108,611,Kelly,1
2109,611,Kevin,6
2110,611,Lefevre,11
2111,611,Michael,68
2112,611,Michael and Erin,1
2113,611,Mikela,9
2114,611,Oscar,2
2115,611,Pam,14
2116,611,Phyllis,4
2117,611,Ryan,4
2118,611,Stanley,2
2119,611,Stephanie,2
2120,611,Students,4
2121,611,Teacher,4
2122,611,Zion,1
2123,612,Andy,16
2124,612,Angela,6
2125,612,Bob,1
2126,612,Bob Vance,1
2127,612,Creed,2
2128,612,Daryl,3
2129,612,David,19
2130,612,Dwight,37
2131,612,Erin,11
2132,612,Everyone,1
2133,612,Group,2
2134,612,Jim,39
2135,612,Kelly,3
2136,612,Kelly and Erin,1
2137,612,Kevin,13
2138,612,Matt,4
2139,612,Meredith,3
2140,612,Michael,95
2141,612,Office,1
2142,612,Oscar,13
2143,612,Pam,16
2144,612,Phyllis,27
2145,612,Ryan,8
2146,612,Stanley,5
2147,612,Stephanie,1
2148,612,Toby,6
2149,613,Andy,1
2150,613,Angela,2
2151,613,Both,4
2152,613,Computron,10
2153,613,Dwight,17
2154,613,Eric,26
2155,613,Fake Stanley,1
2156,613,Kevin,2
2157,613,Michael,44
2158,613,Pam,5
2159,613,Ryan,1
2160,613,Toby,18
2161,614,All,1
2162,614,Andy,10
2163,614,Andy & Erin,2
2164,614,Angela,2
2165,614,Both,1
2166,614,Christian Slater,1
2167,614,Creed,1
2168,614,David,34
2169,614,Dwight,9
2170,614,Erin,6
2171,614,Everyone,1
2172,614,Gabe,18
2173,614,Jerry,14
2174,614,Jim,26
2175,614,Jo,8
2176,614,Jo Bennett,1
2177,614,Kevin,1
2178,614,Meredith,2
2179,614,Michael,82
2180,614,Mrs. Wallace,3
2181,614,Oscar,5
2182,614,Pam,25
2183,614,Phyllis,1
2184,614,Stanley,1
2185,614,Teddy,6
2186,614,Teddy Wallace,1
2187,614,Toby,2
2188,615,Andy,24
2189,615,Angela,1
2190,615,Dwight,39
2191,615,Erin,23
2192,615,Gabe,5
2193,615,Hotel Employee,9
2194,615,Jim,33
2195,615,Jo,33
2196,615,Kelly,11
2197,615,Kevin,5
2198,615,Meredith,4
2199,615,Michael,68
2200,615,Michael and Dwight,1
2201,615,Nick,5
2202,615,Oscar,6
2203,615,Pam,5
2204,615,Phyllis,4
2205,615,Ryan,19
2206,616,(Pam's mom) Heleen,1
2207,616,Andy,25
2208,616,Angela,19
2209,616,Clark,13
2210,616,Creed,1
2211,616,Dale,1
2212,616,Doctor,3
2213,616,Dwight,47
2214,616,"Dwight, Jim and Michael",1
2215,616,Erin,35
2216,616,Everyone,1
2217,616,Helene,5
2218,616,Hospital employee,8
2219,616,Isabelle,9
2220,616,Jim,134
2221,616,Kathy,3
2222,616,Kelly,3
2223,616,Kevin,29
2224,616,Meredith,6
2225,616,Michael,117
2226,616,Nick,2
2227,616,Nurse,19
2228,616,Oscar,3
2229,616,Pam,126
2230,616,Phyllis,6
2231,616,Policeman,2
2232,616,Ryan,2
2233,616,Stanley,3
2234,616,Toby,1
2235,617,Andy,24
2236,617,Andy and Dwight,4
2237,617,Angela,3
2238,617,D,1
2239,617,Daryl,13
2240,617,Dwight,29
2241,617,Erin,20
2242,617,Gabe,3
2243,617,Jim,40
2244,617,Jo,53
2245,617,Kelly,3
2246,617,Kevin,3
2247,617,Meredith,4
2248,617,"Meredith, Creed, Oscar and Matt",1
2249,617,Michael,52
2250,617,Night cleaning crew,1
2251,617,Oscar,4
2252,617,Pam,1
2253,617,Phyllis,1
2254,617,Reid,5
2255,617,Ryan,3
2256,617,Stanley,1
2257,617,Todd Packer,6
2258,617,Warehouse guy 1,3
2259,617,Warehouse guy 2,1
2260,618,Andy,15
2261,618,Angela,6
2262,618,Darryl,9
2263,618,Dwight,43
2264,618,Erin,7
2265,618,Gabe,7
2266,618,Jim,51
2267,618,Kelly,8
2268,618,Kevin,8
2269,618,Meredith,3
2270,618,Michael,85
2271,618,Miichael,1
2272,618,Oscar,1
2273,618,Pam,3
2274,618,Phyllis,18
2275,618,Ryan,3
2276,618,Stanley,11
2277,618,Toby,2
2278,619,Andy,35
2279,619,Angela,17
2280,619,Bar Manager,22
2281,619,Bouncer,1
2282,619,Creed,1
2283,619,Darryl,10
2284,619,Dwight,34
2285,619,Erin,16
2286,619,Everyone,1
2287,619,Girl at table,2
2288,619,Hide,2
2289,619,Isabel,18
2290,619,Jim,33
2291,619,Julie,12
2292,619,Kelly,4
2293,619,Kevin,7
2294,619,Matt,5
2295,619,Meredith,1
2296,619,Michael,74
2297,619,Oscar,20
2298,619,Pam,31
2299,619,Phyllis,6
2300,619,Ryan,5
2301,619,Stanley,1
2302,619,Warehouse Guy,1
2303,620,Andy,25
2304,620,Angela,5
2305,620,Cookie Monster,3
2306,620,Darryl,3
2307,620,Dwight,17
2308,620,Dwight.,1
2309,620,Erin,52
2310,620,Gabe,23
2311,620,Hayworth's waiter,4
2312,620,Jim,8
2313,620,Kelly,5
2314,620,Kevin,20
2315,620,Meredith,9
2316,620,Michael,46
2317,620,Oscar,6
2318,620,Oscar's voice from the computer,1
2319,620,Pam,28
2320,620,Phyllis,3
2321,620,Ryan,5
2322,620,Toby,3
2323,621,All,1
2324,621,Andy,3
2325,621,Angela,3
2326,621,Creed,1
2327,621,Darryl,4
2328,621,Donna,38
2329,621,Dwight,45
2330,621,Erin,9
2331,621,Gabe,15
2332,621,Hide,2
2333,621,Jim,37
2334,621,Kelly,28
2335,621,Kevin,8
2336,621,Michael,86
2337,621,Michael and Donna,1
2338,621,Mihael,1
2339,621,Oscar,9
2340,621,Pam,27
2341,621,Phyllis,4
2342,621,Ryan,4
2343,621,Stanley,2
2344,622,Andy,30
2345,622,Creed,2
2346,622,Darryl,26
2347,622,Donna,36
2348,622,Dwight,38
2349,622,Erin,3
2350,622,Gabe,4
2351,622,Glen,1
2352,622,Gym Instructor,1
2353,622,Gym instructor,2
2354,622,Jim,14
2355,622,Kelly,7
2356,622,Meredith,1
2357,622,Michael,92
2358,622,Old lady,1
2359,622,Oscar,1
2360,622,Pam,42
2361,622,Ryan,4
2362,622,Stanley,3
2363,623,Andy,41
2364,623,Angela,17
2365,623,Creed,4
2366,623,Darryl,4
2367,623,Dwight,36
2368,623,Dwight and Angela,1
2369,623,Erin,11
2370,623,Everyone,5
2371,623,Gabe,6
2372,623,Jim,21
2373,623,Kelly,5
2374,623,Kevin,6
2375,623,Lawyer,11
2376,623,Meredith,3
2377,623,Michael,82
2378,623,Oscar,3
2379,623,Pam,30
2380,623,Phyllis,8
2381,623,Reporter,3
2382,623,Ryan,11
2383,623,Shane,11
2384,623,Stanley,2
2385,623,Toby,5
2386,624,Andy,17
2387,624,Angela,4
2388,624,Creed,2
2389,624,Darryl,6
2390,624,David Wallace,1
2391,624,Dwight,19
2392,624,Erin,4
2393,624,Gabe,5
2394,624,Hank,1
2395,624,Jim,13
2396,624,Jo,43
2397,624,Kelly,5
2398,624,Kevin,7
2399,624,Michael,67
2400,624,Nick,11
2401,624,Oscar,2
2402,624,Pam,17
2403,624,Phyllis,5
2404,624,Realtor,4
2405,624,Ryan,2
2406,624,Stanley,2
2407,624,Toby,7
2408,624,Todd Packer,1
2409,701,All,2
2410,701,Andy,16
2411,701,Angela,3
2412,701,Both,2
2413,701,Creed,4
2414,701,Darryl,5
2415,701,Dwight,21
2416,701,Erin,7
2417,701,Gabe,11
2418,701,Jim,22
2419,701,Jo,7
2420,701,Kelly,5
2421,701,Kevin,5
2422,701,Luke,18
2423,701,Meredith,3
2424,701,Michael,58
2425,701,Oscar,8
2426,701,Pam,25
2427,701,Phyllis,7
2428,701,Ryan,3
2429,701,Stanley,5
2430,701,Toby,3
2431,702,Andy,13
2432,702,Angel,1
2433,702,Angela,4
2434,702,Creed,1
2435,702,Darryl,4
2436,702,Dwight,48
2437,702,Erin,4
2438,702,Gabe,17
2439,702,Jim,34
2440,702,Kelly,6
2441,702,Michael,31
2442,702,Mose,2
2443,702,Oscar,7
2444,702,Pam,39
2445,702,Phyllis,3
2446,702,Ryan,3
2447,702,Salesman,10
2448,702,Stanley,3
2449,702,Toby,35
2450,702,Window treatment guy,3
2451,703,All,2
2452,703,Andy,49
2453,703,Angela,16
2454,703,Creed,2
2455,703,Darryl,11
2456,703,Dwight,17
2457,703,Erin,19
2458,703,Jim,19
2459,703,Kelly,2
2460,703,Meredith,1
2461,703,Michael,43
2462,703,Oscar,1
2463,703,Pam,17
2464,703,Phyllis,4
2465,703,Shelby,8
2466,703,Stanley,2
2467,703,Sweeney Todd,14
2468,703,Usher,2
2469,704,Andy,40
2470,704,Angela,2
2471,704,Astrid,3
2472,704,Carrol,1
2473,704,Carroll,14
2474,704,Creed,2
2475,704,Darryl,8
2476,704,Donna,7
2477,704,Dwight,41
2478,704,Employees except Dwight,1
2479,704,Erin,4
2480,704,Gabe,3
2481,704,Helene,4
2482,704,Holly,16
2483,704,Jan,16
2484,704,Jim,4
2485,704,Jim and Pam,1
2486,704,Kelly,5
2487,704,Kevin,10
2488,704,Meredith,7
2489,704,Mexican Man,4
2490,704,Michael,88
2491,704,Michel,1
2492,704,Nate,7
2493,704,Old Woman,3
2494,704,Oscar,7
2495,704,Pam,8
2496,704,Phyllis,5
2497,704,Ryan,1
2498,704,Son,4
2499,704,Stanley,4
2500,705,All,4
2501,705,Andy,38
2502,705,Angela,2
2503,705,Creed,2
2504,705,Danny,40
2505,705,Darryl,23
2506,705,Darryl and Andy,1
2507,705,Dwight,56
2508,705,Erin,2
2509,705,Jim,59
2510,705,Kelly,3
2511,705,Kevin,12
2512,705,Meredith,15
2513,705,Michael,85
2514,705,Oscar,16
2515,705,Pam,10
2516,705,Phyllis,8
2517,705,Receptionist,1
2518,705,Ryan,3
2519,705,Stanley,5
2520,705,Steve,5
2521,706,All,1
2522,706,Andy,16
2523,706,Angela,5
2524,706,Creed,3
2525,706,Danny,28
2526,706,Darryl,26
2527,706,Dwight,14
2528,706,Erin,7
2529,706,Gabe,14
2530,706,Jim,27
2531,706,Kelly,5
2532,706,Kevin,19
2533,706,Meredith,1
2534,706,Michael,59
2535,706,Oscar,8
2536,706,Pam,24
2537,706,Phyllis,5
2538,706,Ryan,6
2539,706,Stanley,7
2540,706,Toby,4
2541,706,Todd Packer,5
2542,707,All,1
2543,707,Andy,25
2544,707,Angela,8
2545,707,Another guy,1
2546,707,Bus driver,3
2547,707,Carla,2
2548,707,Church congregation,1
2549,707,Darryl,2
2550,707,Doug,5
2551,707,Doug [church member],1
2552,707,Dwight,16
2553,707,Erin,9
2554,707,Female church member,1
2555,707,Female church member [to Michael],1
2556,707,Gabe,2
2557,707,Girl,9
2558,707,Guy,8
2559,707,Helene,1
2560,707,Jim,38
2561,707,Jim's Dad,1
2562,707,Kelly,2
2563,707,Kevin,4
2564,707,Lady,1
2565,707,Male church member,3
2566,707,Mee-Maw,1
2567,707,MeeMaw,1
2568,707,Michael,74
2569,707,Michael and Andy,1
2570,707,Oscar,2
2571,707,Pam,33
2572,707,Pastor,7
2573,707,Phyllis,5
2574,707,Radio,1
2575,707,Ryan,6
2576,707,Stanley,3
2577,707,Students,1
2578,707,Toby,3
2579,707,Woman,3
2580,708,Andy,27
2581,708,Angela,9
2582,708,Cece,1
2583,708,Creed,4
2584,708,Daryl,6
2585,708,Dwight,26
2586,708,Erin,42
2587,708,Gabe,18
2588,708,Jim,18
2589,708,Kelly,13
2590,708,Kevin,9
2591,708,Michael,56
2592,708,Oscar,7
2593,708,Pam,23
2594,708,Phyllis,12
2595,708,Reporter,2
2596,708,Ryan,3
2597,708,Stanley,1
2598,708,TV,1
2599,709,Andy,10
2600,709,Angela,20
2601,709,Creed,3
2602,709,Daryl,10
2603,709,Dwight,24
2604,709,Erin,7
2605,709,Gabe,8
2606,709,Guy,1
2607,709,Jim,24
2608,709,Jo,4
2609,709,Kelly,5
2610,709,Kevin,9
2611,709,Kid,1
2612,709,Kids,1
2613,709,Little Girl,2
2614,709,Man,10
2615,709,Meridith,2
2616,709,Michael,66
2617,709,Micheal,1
2618,709,Oscar,5
2619,709,Pam,28
2620,709,Phyliss,1
2621,709,Phyllis,1
2622,709,Robotic Voice,2
2623,709,Ryan,54
2624,709,Ryan and Michael,1
2625,709,Stanley,7
2626,710,Andy,23
2627,710,Angela,3
2628,710,Creed,2
2629,710,Darryl,13
2630,710,Dwight,48
2631,710,Dwight & Nate,1
2632,710,Erin,10
2633,710,Gabe,1
2634,710,Hank,3
2635,710,Jim,27
2636,710,Kelly,8
2637,710,Kevin,8
2638,710,Meredith,2
2639,710,Michael,56
2640,710,Nate,13
2641,710,Oscar,25
2642,710,Pam,45
2643,710,Pam ,1
2644,710,Passer-by,5
2645,710,Phyllis,3
2646,710,Ryan,7
2647,710,Stanley,6
2648,711,AJ,15
2649,711,All,1
2650,711,Andy,28
2651,711,Angela,26
2652,711,Bass Player,2
2653,711,Creed,4
2654,711,Darrly,1
2655,711,Darryl,23
2656,711,Dwight,38
2657,711,Erin,18
2658,711,Gabe,6
2659,711,Holly,50
2660,711,Jada,20
2661,711,Jim,50
2662,711,Justine,2
2663,711,Kelly,14
2664,711,Kevin,15
2665,711,Meredith,10
2666,711,Michael,130
2667,711,Nate,5
2668,711,Oscar,12
2669,711,Pam,69
2670,711,Phyllis,13
2671,711,Robert,5
2672,711,Ryan,11
2673,711,Stanley,5
2674,711,Toby,25
2675,712,Andy,21
2676,712,Angela,7
2677,712,Bookstore employee,2
2678,712,Creed,13
2679,712,Customer,2
2680,712,DJ,3
2681,712,Darryl,21
2682,712,Dwight,34
2683,712,Erin,21
2684,712,Gabe,2
2685,712,Holly,19
2686,712,Jim,8
2687,712,Kelly,10
2688,712,Kevin,19
2689,712,Man,3
2690,712,Member,2
2691,712,Meredith,1
2692,712,Michael,75
2693,712,Oscar,3
2694,712,Pam,31
2695,712,Phyllis,9
2696,712,Ryan,6
2697,712,Video Michael,7
2698,713,Andy,51
2699,713,Creed,2
2700,713,Darryl,3
2701,713,David,12
2702,713,David Brent,1
2703,713,Dwight,19
2704,713,Erin,25
2705,713,Gabe,7
2706,713,Guy,2
2707,713,Hank,2
2708,713,Holly,12
2709,713,Jim,24
2710,713,Kelly,12
2711,713,Kevin,9
2712,713,Michael,37
2713,713,Older Woman,2
2714,713,Older guy,1
2715,713,Oscar,14
2716,713,Pam,18
2717,713,Phyllis,3
2718,713,"Phyllis, Stanley, Dwight",1
2719,713,Professor Powell,4
2720,713,Ryan,8
2721,713,Stanley,2
2722,713,Tom,10
2723,713,Younger Guy,3
2724,714,Andy,14
2725,714,Angela,1
2726,714,Attendant,6
2727,714,Cell Phone Sales Person,2
2728,714,Darrly,1
2729,714,Darryl,8
2730,714,Dwight,26
2731,714,Dwight and Erin,1
2732,714,Erin,14
2733,714,Gabe,25
2734,714,Guy,1
2735,714,Helen,5
2736,714,Holly,30
2737,714,Hot Dog Guy,5
2738,714,Jim,32
2739,714,Kelly,9
2740,714,Kevin,7
2741,714,Meredith,3
2742,714,Micahel,1
2743,714,Michael,42
2744,714,Office,1
2745,714,Oscar,12
2746,714,Pam,36
2747,714,Phyllis,10
2748,714,Ryan,6
2749,714,Ryan and Kelly,1
2750,714,Stanley,3
2751,714,Waiter,8
2752,715,Andy,37
2753,715,Andy and Erin,1
2754,715,Angela,9
2755,715,Boom Box,1
2756,715,Creed,1
2757,715,Darryl,16
2758,715,Dwight,24
2759,715,Erin,38
2760,715,Everyone,1
2761,715,Gabe,21
2762,715,Hank,2
2763,715,Holly,38
2764,715,Jim,23
2765,715,Jim and Pam,1
2766,715,Kelly,1
2767,715,Kevin,13
2768,715,Meredith,1
2769,715,Michael,73
2770,715,Oscar,17
2771,715,Pam,24
2772,715,Phyllis,3
2773,715,Ryan,6
2774,715,Stanley,1
2775,716,Andy,2
2776,716,Creed,1
2777,716,Daryl,1
2778,716,Dwight,3
2779,716,Erin,1
2780,716,Holly,15
2781,716,Jan,1
2782,716,Jim,6
2783,716,Karen,1
2784,716,Kelly,1
2785,716,Kevin,2
2786,716,Michael,33
2787,716,Pam,4
2788,716,Ryan,1
2789,717,Andy,29
2790,717,Angela,1
2791,717,Daryl,4
2792,717,Dwight,41
2793,717,Erin,10
2794,717,Gabe,1
2795,717,Holly,32
2796,717,Holy,1
2797,717,Jim,38
2798,717,Kelly,3
2799,717,Kevin,13
2800,717,Meredith,3
2801,717,Michael,57
2802,717,Oscar,1
2803,717,Pam,36
2804,717,Phyllis,1
2805,717,Ryan,4
2806,717,Stanley,1
2807,717,Todd,37
2808,718,Andy,17
2809,718,Angela,1
2810,718,Darryl,10
2811,718,Dwight,31
2812,718,Gabe,1
2813,718,Holly,47
2814,718,Holly's Dad,5
2815,718,Holly's Mom,4
2816,718,Jim,24
2817,718,Kelly,3
2818,718,Kevin,18
2819,718,Lady,1
2820,718,Meredith,3
2821,718,Micahel,1
2822,718,Michael,72
2823,718,Oscar,7
2824,718,Pam,32
2825,718,Phyllis,3
2826,718,Ryan,9
2827,718,Stanley,1
2828,719,Andy,12
2829,719,Angela,4
2830,719,Darryl,8
2831,719,Darryl's sister,2
2832,719,Deangelo,81
2833,719,Deangelo/Michael,2
2834,719,Denagelo,1
2835,719,Dwight,10
2836,719,Erin,10
2837,719,Gabe,4
2838,719,Jim,10
2839,719,Kelly,5
2840,719,Kevin,4
2841,719,Meredith,1
2842,719,Micahel,1
2843,719,Michael,68
2844,719,Oscar,5
2845,719,Pam,8
2846,719,Phyllis,2
2847,719,Ryan,2
2848,719,Stanley,3
2849,719,Waiter,1
2850,720,All,4
2851,720,Andy,4
2852,720,Angela,2
2853,720,Audience,2
2854,720,Creed,1
2855,720,Darryl,3
2856,720,DeAngelo,54
2857,720,Dwight,13
2858,720,Erin,12
2859,720,Erin and Kelly,1
2860,720,Gabe,2
2861,720,Jim,24
2862,720,Jo,4
2863,720,Kelly and Erin,1
2864,720,Kevin,6
2865,720,Manager,3
2866,720,Meredith,6
2867,720,Michael,82
2868,720,Michael ,1
2869,720,Oscar,6
2870,720,Pam,15
2871,720,Phyllis,3
2872,720,Ryan,6
2873,720,Stanley,3
2874,720,Toby,2
2875,720,Together,1
2876,720,Women,1
2877,721,Andy,24
2878,721,Angela,12
2879,721,Client,1
2880,721,Creed,2
2881,721,Darryl,3
2882,721,DeAgnelo,1
2883,721,DeAngelo,25
2884,721,Dwight,16
2885,721,Erin,12
2886,721,Gabe,10
2887,721,Holly,6
2888,721,Jim,18
2889,721,Kelly,3
2890,721,Kevin,11
2891,721,Meredith,6
2892,721,Michael,116
2893,721,Oscar,6
2894,721,Pam,20
2895,721,Phyllis,18
2896,721,Rory,2
2897,721,Ryan,3
2898,721,Stanley,7
2899,721,Toby,5
2900,721,Warehouse Guy,1
2901,721,abe,1
2902,722,Andy,9
2903,722,Angela,4
2904,722,Darryl,8
2905,722,Deangelo,90
2906,722,Dwight,20
2907,722,Erin,3
2908,722,Gabe,8
2909,722,Jim,40
2910,722,Jordan,9
2911,722,Kelly,15
2912,722,Kevin,13
2913,722,Oscar,2
2914,722,Pam,24
2915,722,Phyllis,4
2916,722,Ryan,15
2917,722,Toby,1
2918,723,All,2
2919,723,All but Oscar,1
2920,723,Andy,26
2921,723,Angela,11
2922,723,Creed,2
2923,723,Darryl,5
2924,723,Darryl and Angela,1
2925,723,Dwight,73
2926,723,Dwight [on phone],1
2927,723,Erin,13
2928,723,Gabe,20
2929,723,Jim,28
2930,723,Jo,14
2931,723,Jordan,2
2932,723,Kelly,6
2933,723,Kevin,20
2934,723,Meredith,1
2935,723,Mose [on phone],1
2936,723,Oscar,4
2937,723,Pam,11
2938,723,Phyllis,5
2939,723,Ryan,2
2940,723,Stanley,2
2941,723,Toby,6
2942,724,All,1
2943,724,Andy,26
2944,724,Angela,11
2945,724,Creed,17
2946,724,Darryl,27
2947,724,David Brent,1
2948,724,Dwight,44
2949,724,Erin,23
2950,724,Finger Lakes Guy,1
2951,724,Fred,9
2952,724,Fred Henry,1
2953,724,Gabe,30
2954,724,Jada,2
2955,724,Jim,90
2956,724,Jo,28
2957,724,Jordan,2
2958,724,Kelly,17
2959,724,Kevin,14
2960,724,Meredith,6
2961,724,Merv,10
2962,724,Merv Bronte,1
2963,724,Nellie,9
2964,724,Nellie Bertram,1
2965,724,Oscar,22
2966,724,Pam,32
2967,724,Pam as fourth-biggest client,3
2968,724,Pam as ninth-biggest client,2
2969,724,Phyllis,20
2970,724,Robert,12
2971,724,Robert California,1
2972,724,Ryan,11
2973,724,Stanley,4
2974,724,Toby,13
2975,724,Warren,2
2976,724,Warren Buffett,1
2977,801,All,1
2978,801,Andy,52
2979,801,Angela,7
2980,801,Creed,1
2981,801,Darryl,5
2982,801,Darryl & Oscar,1
2983,801,Dwight,38
2984,801,Erin,9
2985,801,Everyone,2
2986,801,Gabe,3
2987,801,Jim,38
2988,801,Kelly,6
2989,801,Kevin,10
2990,801,Meredith,6
2991,801,Oscar,7
2992,801,Pam,25
2993,801,Phyllis,11
2994,801,Robert,33
2995,801,Ryan,5
2996,801,Stanley,8
2997,801,Toby,4
2998,801,Waiter,2
2999,802,All,1
3000,802,Andy,86
3001,802,Angela,14
3002,802,Darryl,7
3003,802,Dwight,21
3004,802,Erin,18
3005,802,Group,2
3006,802,Jim,42
3007,802,Justine,3
3008,802,Kelly,5
3009,802,Kevin,24
3010,802,Meredith,5
3011,802,Oscar,7
3012,802,Pam,34
3013,802,Phyllis,8
3014,802,Robert,24
3015,802,Ryan,5
3016,802,Stanley,5
3017,802,Tattoo Artist,8
3018,802,Toby,1
3019,803,Andy,63
3020,803,Angela,3
3021,803,Bruce,1
3022,803,Creed,1
3023,803,Darryl,49
3024,803,Dwight,37
3025,803,"Dwight, Erin, Jim & Kevin",1
3026,803,Erin,12
3027,803,Female Applicant,2
3028,803,Gideon,2
3029,803,Jim,52
3030,803,Kelly,6
3031,803,Kevin,21
3032,803,Male Applicant 1,3
3033,803,Male Applicant 2,1
3034,803,Meredith,4
3035,803,Nate,3
3036,803,Oscar,18
3037,803,Pam,23
3038,803,Phyllis,7
3039,803,Ryan,6
3040,803,Toby,2
3041,804,Andy,66
3042,804,Andy & Walter,3
3043,804,Angela,13
3044,804,Darryl,10
3045,804,Dwight,29
3046,804,Ellen,3
3047,804,Erin,5
3048,804,Erin's Cell Phone,1
3049,804,Gabe,4
3050,804,Jim,23
3051,804,Kelly,3
3052,804,Kevin,6
3053,804,Meredith,6
3054,804,Mose,5
3055,804,Oscar,10
3056,804,Pam,15
3057,804,Phyllis,3
3058,804,Robert,18
3059,804,Ryan,8
3060,804,Stanley,1
3061,804,Toby,6
3062,804,Waiter,1
3063,804,Walter,21
3064,804,Walter & Walter Jr,1
3065,804,Walter Jr,6
3066,805,Andy,34
3067,805,Angela,5
3068,805,Bert,23
3069,805,Creed,4
3070,805,Darryl,9
3071,805,Dwight,21
3072,805,Erin,36
3073,805,Gabe,9
3074,805,Gabe/Kelly/Toby,1
3075,805,Jim,29
3076,805,Kelly,12
3077,805,Kevin,9
3078,805,Meredith,9
3079,805,Oscar,10
3080,805,Pam,27
3081,805,Phyllis,7
3082,805,Robert,32
3083,805,Ryan,3
3084,805,Stanley,4
3085,805,Toby,7
3086,806,Andy,54
3087,806,Andy/Pam,1
3088,806,Andy/Stanley,1
3089,806,Angela,7
3090,806,Darryl,16
3091,806,Dwight,51
3092,806,Erin,8
3093,806,Gabe,24
3094,806,Jim,44
3095,806,Kelly,5
3096,806,Kevin,10
3097,806,Oscar,11
3098,806,Pam,21
3099,806,Phyllis,2
3100,806,Robert,35
3101,806,Ryan,3
3102,806,Stanley,9
3103,806,Toby,8
3104,806,Val,11
3105,806,Warehouse Crew,3
3106,807,Andy,43
3107,807,Andy and Darryl,3
3108,807,Cathy,10
3109,807,Client,3
3110,807,Creed,2
3111,807,Curtis,3
3112,807,Darryl,23
3113,807,Darryl and Kevin,1
3114,807,Drummer,1
3115,807,Dwight,55
3116,807,Erin,13
3117,807,Gabe,2
3118,807,Jim,40
3119,807,Kelly,6
3120,807,Kevin,15
3121,807,Offscreen,1
3122,807,Old Man,4
3123,807,Oscar,4
3124,807,Pam,65
3125,807,Pam and Kelly,1
3126,807,Phyllis,2
3127,807,Robert,10
3128,807,Ryan,6
3129,807,Toby,4
3130,807,Val,4
3131,808,Amanda,1
3132,808,Andy,58
3133,808,Angela,1
3134,808,Archivist,2
3135,808,Audience,1
3136,808,Chelsea,1
3137,808,Darryl,13
3138,808,Dwight,30
3139,808,Erin,17
3140,808,Everyone,4
3141,808,Gabe,10
3142,808,Jim,25
3143,808,Kelly,5
3144,808,Kevin,18
3145,808,Man,1
3146,808,Meredith,1
3147,808,Narrator,2
3148,808,Oscar,20
3149,808,Pam,18
3150,808,Park Ranger,3
3151,808,Phyllis,11
3152,808,Robert,24
3153,808,Ryan,11
3154,808,Soldier,1
3155,808,Stanley,4
3156,809,Andy,59
3157,809,Andy/Oscar,1
3158,809,Angela,2
3159,809,Bob's Secretary,2
3160,809,Creed,2
3161,809,Darryl,24
3162,809,Dwight,52
3163,809,Erin,8
3164,809,Gabe,4
3165,809,Jim,29
3166,809,Kathy,1
3167,809,Kelly,1
3168,809,Kevin,2
3169,809,Meredith,1
3170,809,Mrs. California,1
3171,809,Oscar,12
3172,809,Phyllis,3
3173,809,Robert,40
3174,809,Ryan,3
3175,809,Stanley,1
3176,809,Susan,48
3177,809,Toby,3
3178,810,Andy,88
3179,810,Angela,2
3180,810,Creed,2
3181,810,Darryl,10
3182,810,Dwight,28
3183,810,Erin,38
3184,810,Jessica,22
3185,810,Jim,44
3186,810,Kathy,3
3187,810,Kelly,10
3188,810,Kevin,10
3189,810,Meredith,18
3190,810,Nate,5
3191,810,Oscar,9
3192,810,Phyllis,7
3193,810,Robert,26
3194,810,Ryan,10
3195,810,Stanley,5
3196,810,Toby,6
3197,810,Val,9
3198,811,All,2
3199,811,Andy,44
3200,811,Angela,2
3201,811,Announcer,4
3202,811,Cathy,1
3203,811,Creed,1
3204,811,Darryl,10
3205,811,Dwight,34
3206,811,Einsteins,1
3207,811,Erin,6
3208,811,Gabe,21
3209,811,Group,1
3210,811,Host,28
3211,811,Jim,19
3212,811,Kelly,7
3213,811,Kevin,19
3214,811,Meredith,7
3215,811,Meredith & Kelly,1
3216,811,Oscar,19
3217,811,Oscar's friend,3
3218,811,Phyllis,3
3219,811,Queerenstein Bears,1
3220,811,Receptionist,4
3221,811,Robert,16
3222,811,Ryan,6
3223,811,Stanley,5
3224,811,Stonewall Host,3
3225,811,Stu,1
3226,812,All,2
3227,812,Andy,44
3228,812,Angela,5
3229,812,Both,1
3230,812,Cathy,3
3231,812,Darryl,10
3232,812,Dwight,47
3233,812,Erin,58
3234,812,Gabe,9
3235,812,Jessica,17
3236,812,Jim,22
3237,812,Kathy,1
3238,812,Kelly,6
3239,812,Kevin,11
3240,812,Meredith,9
3241,812,Oscar,12
3242,812,Phyllis,3
3243,812,Robert,24
3244,812,Ryan,10
3245,812,Stanley,7
3246,812,Toby,8
3247,812,Val,7
3248,813,All,1
3249,813,Andy,47
3250,813,"Andy, Darryl & Officer Foley",1
3251,813,Angela,31
3252,813,Cece,7
3253,813,Creed,5
3254,813,Darryl,13
3255,813,Dwight,58
3256,813,Erin,14
3257,813,Ernesto,4
3258,813,Gabe,5
3259,813,Jim,73
3260,813,Kelly,2
3261,813,Kevin,12
3262,813,Meredith,2
3263,813,Nate,3
3264,813,Nurse,2
3265,813,Officer Foley,2
3266,813,Oscar,24
3267,813,Pam,28
3268,813,Phyllis,12
3269,813,Ryan,2
3270,813,Senator Lipton,9
3271,813,Stanley,7
3272,813,Toby,5
3273,813,Val,3
3274,814,All,1
3275,814,Andy,45
3276,814,Angela,8
3277,814,Bob,4
3278,814,Creed,1
3279,814,Darryl,23
3280,814,Dwight,67
3281,814,Erin,15
3282,814,Group,2
3283,814,Jim,30
3284,814,Kathy,2
3285,814,Kelly,8
3286,814,Kevin,5
3287,814,Meredith,2
3288,814,Nate,12
3289,814,Oscar,4
3290,814,Pam,29
3291,814,Phyllis,2
3292,814,Ryan,12
3293,814,Stanley,7
3294,814,Toby,2
3295,814,Val,9
3296,815,Andy,22
3297,815,Cathy,4
3298,815,Creed,2
3299,815,Darryl,4
3300,815,Donna Muraski,2
3301,815,Dwight,63
3302,815,Emergency Operator,1
3303,815,Erin,21
3304,815,Everyone,3
3305,815,Jim,32
3306,815,Kelly,3
3307,815,Kevin,2
3308,815,Meredith,2
3309,815,Nellie,27
3310,815,Oscar,1
3311,815,Packer,17
3312,815,Pam,10
3313,815,Paramedic,2
3314,815,Ryan,9
3315,815,Saleswoman,1
3316,815,Stanley,13
3317,815,Wally Amos,4
3318,816,Andy,20
3319,816,Angela,11
3320,816,Angela/Pam,1
3321,816,Brandon,12
3322,816,Cathy,27
3323,816,Darryl,14
3324,816,Dwight,60
3325,816,Erin,19
3326,816,Everyone,2
3327,816,Gabe,6
3328,816,Jim,55
3329,816,Kelly,8
3330,816,Kevin,4
3331,816,Nellie,24
3332,816,Oscar,10
3333,816,Packer,11
3334,816,Pam,15
3335,816,Phyllis,4
3336,816,Ryan,20
3337,816,Stanley,6
3338,816,Val,9
3339,816,Waitress,1
3340,817,Andy,28
3341,817,Angela,9
3342,817,Blogger,4
3343,817,Blogger 2,1
3344,817,Cathy,4
3345,817,Creed,1
3346,817,Crowd,2
3347,817,Darryl,4
3348,817,Dwight,53
3349,817,Erin,10
3350,817,Everyone,1
3351,817,Girl,4
3352,817,Jim,28
3353,817,Kelly,9
3354,817,Kevin,8
3355,817,Lady,5
3356,817,Lady Blogger,1
3357,817,Man,1
3358,817,Meredith,3
3359,817,Nellie,19
3360,817,Old Lady,4
3361,817,Oscar,6
3362,817,Others,1
3363,817,Pam,10
3364,817,Patty,1
3365,817,Phyllis,2
3366,817,Ryan,17
3367,817,Stanley,1
3368,817,Toby,18
3369,817,Todd Packer,4
3370,818,Andy,20
3371,818,Angela,3
3372,818,Cathy,1
3373,818,Creed,2
3374,818,Darryl,26
3375,818,Dwight,45
3376,818,Elderly Woman,1
3377,818,Erin,15
3378,818,Everyone,1
3379,818,Gabe,1
3380,818,Irene,6
3381,818,Jim,45
3382,818,Kelly,3
3383,818,Kevin,19
3384,818,Meredith,1
3385,818,Nellie,12
3386,818,Oscar,4
3387,818,Pam,10
3388,818,Phyllis,6
3389,818,Robert California,14
3390,818,Ryan,2
3391,818,Stanley,2
3392,818,Toby,16
3393,818,Todd Packer,9
3394,819,All,2
3395,819,Alonzo,1
3396,819,Andy,33
3397,819,Angela,1
3398,819,Creed,1
3399,819,Darryl,7
3400,819,Dwight,21
3401,819,Erin,32
3402,819,Erin and Irene,1
3403,819,Glenn,4
3404,819,Irene,16
3405,819,Jim,38
3406,819,Kelly,1
3407,819,Kevin,8
3408,819,Meredith,2
3409,819,Nellie,42
3410,819,Oscar,1
3411,819,Pam,17
3412,819,Phyllis,4
3413,819,Robert,24
3414,819,Ryan,1
3415,819,Stanley,1
3416,819,Toby,3
3417,820,All,3
3418,820,Andy,48
3419,820,Angela,8
3420,820,Creed,3
3421,820,Darryl,1
3422,820,Dwight,22
3423,820,Erin,25
3424,820,Gabe,2
3425,820,Hank,4
3426,820,Jessica,14
3427,820,Jim,39
3428,820,Kenny,5
3429,820,Kevin,3
3430,820,Kevin & Meredith,1
3431,820,Lauren,11
3432,820,Magician,10
3433,820,Megan,7
3434,820,Nellie,22
3435,820,Oscar,11
3436,820,Pam,32
3437,820,Party guests,1
3438,820,Phyllis,9
3439,820,Robert,19
3440,820,Ryan,3
3441,820,Stanley,1
3442,820,Various,2
3443,820,Woman,1
3444,821,All,1
3445,821,Andy,53
3446,821,Andy & Erin,1
3447,821,Angela,7
3448,821,Creed,2
3449,821,Darryl,5
3450,821,Dwight,16
3451,821,Erin,24
3452,821,Gabe,4
3453,821,Jim,19
3454,821,Kelly,13
3455,821,Kevin,9
3456,821,Meredith,1
3457,821,Nate,1
3458,821,Nellie,36
3459,821,Oscar,7
3460,821,Pam,29
3461,821,Phyllis,10
3462,821,Ravi,1
3463,821,Robert,18
3464,821,Robert & Creed,1
3465,821,Ryan,30
3466,821,Stanley,1
3467,821,Toby,1
3468,821,Wrangler,2
3469,822,Andy,41
3470,822,Angela,4
3471,822,Creed,1
3472,822,Darryl,14
3473,822,David,5
3474,822,Dwight,15
3475,822,Erin,7
3476,822,Jim,24
3477,822,Kevin,18
3478,822,Meredith,2
3479,822,Nellie,17
3480,822,Oscar,16
3481,822,Pam,22
3482,822,Phyllis,1
3483,822,Robert,13
3484,822,Ryan,17
3485,822,Senator,7
3486,822,Speaker,6
3487,822,Stanley,1
3488,822,Vet,6
3489,822,Waiter,2
3490,823,All,1
3491,823,Andy,28
3492,823,Angela,3
3493,823,Creed,1
3494,823,David,4
3495,823,Dwight,56
3496,823,Erin,8
3497,823,Gabe,13
3498,823,Harry,25
3499,823,Jim,48
3500,823,Kevin,1
3501,823,Mr. Ramish,11
3502,823,Nellie,15
3503,823,Oscar,1
3504,823,Pam,23
3505,823,Phone,4
3506,823,Phyllis,1
3507,823,Receptionist,4
3508,823,Robert,33
3509,823,Stanley,1
3510,823,Toby,7
3511,824,Andy,49
3512,824,Angela,20
3513,824,Brandon,6
3514,824,Calvin,3
3515,824,Creed,1
3516,824,Darryl,15
3517,824,David,17
3518,824,Dwight,27
3519,824,Erin,9
3520,824,Gabe,2
3521,824,Hide,2
3522,824,Jake,1
3523,824,Jim,31
3524,824,Kelly,4
3525,824,Kevin,3
3526,824,Meredith,2
3527,824,Mose,2
3528,824,Nellie,19
3529,824,Oscar,11
3530,824,Others,1
3531,824,Pam,22
3532,824,Photographer,2
3533,824,Phyllis,5
3534,824,Ravi,1
3535,824,Robert,15
3536,824,Sasha,1
3537,824,Senator Lipton,14
3538,824,Stanley,1
3539,824,Toby,5
3540,824,Val,4
3541,901,Andy,33
3542,901,Angela,16
3543,901,Clark,22
3544,901,Creed,1
3545,901,Darryl,3
3546,901,David,1
3547,901,Doctor,1
3548,901,Dwight,42
3549,901,Erin,4
3550,901,Jim,21
3551,901,Kelly,2
3552,901,Kevin,7
3553,901,Meredith,2
3554,901,Nellie,10
3555,901,Off-camera,2
3556,901,Oscar,9
3557,901,Pam,19
3558,901,Pete,13
3559,901,Phyllis,1
3560,901,Rafe,1
3561,901,Ryan,1
3562,901,Stanley,3
3563,901,Toby,11
3564,902,Andy,33
3565,902,Angela,7
3566,902,Clark,22
3567,902,Creed,4
3568,902,Darryl,11
3569,902,Dwight,31
3570,902,Erin,31
3571,902,Jim,39
3572,902,Kenny,1
3573,902,Kevin,10
3574,902,Meredith,1
3575,902,Nellie,31
3576,902,Oscar,5
3577,902,Pam,34
3578,902,Pete,16
3579,902,Phyllis,1
3580,902,Roy,11
3581,902,Server,2
3582,902,Stanley,1
3583,902,Toby,5
3584,903,Andy,44
3585,903,Angela,2
3586,903,Clark,4
3587,903,Darryl,31
3588,903,Dwight,24
3589,903,Erin,21
3590,903,Fake Jim,6
3591,903,Jim,19
3592,903,Kevin,3
3593,903,Meredith,1
3594,903,Nellie,34
3595,903,Nellie and Pam,1
3596,903,Oscar,7
3597,903,Pam,34
3598,903,Pete,5
3599,903,Phyllis,3
3600,903,Stanley,2
3601,903,Voicemail,2
3602,904,Andy,40
3603,904,Angela,5
3604,904,Clark,12
3605,904,Creed,3
3606,904,Darryl,11
3607,904,Dwight,40
3608,904,Erin,11
3609,904,Group,19
3610,904,"Group: Dunder Mifflin!
Andy: Andy Bernard presents: Summer Softball Epic Fails! [Kevin swings bat on screen, fart noise follows] Fail. [repeats] Fail",1
3611,904,Jim,60
3612,904,Kevin,16
3613,904,Meredith,7
3614,904,Nellie,27
3615,904,Oscar,13
3616,904,Pam,29
3617,904,Pete,2
3618,904,Phyllis,5
3619,904,"Phyllis, Kevin & Stanley",1
3620,904,Stanley,10
3621,904,Toby,2
3622,904,"[Clark and Pete are shown on screen]
Video Andy: Hey, I'm Pete, puberty is such a drag, man. And I'm Clark! I like to eat toilet paper. [Clark and Pete wave at camera] We fail! [Video shows memorial of Jerry",1
3623,904,"[repeats]
Andy: Fail",1
3624,905,All,1
3625,905,Andy,50
3626,905,Angela,6
3627,905,Broccoli Rob,11
3628,905,Businessman #1,2
3629,905,Businessman #2,3
3630,905,Businessman #3,3
3631,905,Clark,5
3632,905,Creed,3
3633,905,Darryl,6
3634,905,Dwight,39
3635,905,Erin,24
3636,905,HCT,14
3637,905,HCT Member #1,1
3638,905,HCT Member #2,2
3639,905,HCT Member #3,10
3640,905,Jim,35
3641,905,Kevin,2
3642,905,Meredith,5
3643,905,Nellie,21
3644,905,Oscar,3
3645,905,Pam,32
3646,905,Pete,2
3647,905,Senator Lipton,5
3648,905,Stanley,2
3649,905,Toby,5
3650,906,All,1
3651,906,Andy,54
3652,906,Angela,12
3653,906,Boat Guy,12
3654,906,Creed,1
3655,906,Darryl,4
3656,906,David Wallace,7
3657,906,Dwight,34
3658,906,Erin,40
3659,906,Jim,9
3660,906,Kevin,25
3661,906,Meredith,3
3662,906,Nellie,16
3663,906,Oscar,27
3664,906,Pam,11
3665,906,Pete,10
3666,906,Senator Liptop,3
3667,906,Toby,9
3668,906,Walt Jr.,4
3669,906,White,1
3670,907,Andy,9
3671,907,Angela,21
3672,907,Business partner,10
3673,907,Clark,4
3674,907,Colin,4
3675,907,Creed,1
3676,907,Darryl,3
3677,907,David,6
3678,907,Dwight,53
3679,907,Erin,18
3680,907,Everyone,2
3681,907,Guys in breakroom,1
3682,907,Hank,3
3683,907,Jan,25
3684,907,Jim,22
3685,907,Kevin,3
3686,907,Meredith,4
3687,907,Molly,3
3688,907,Nellie,6
3689,907,Oscar,21
3690,907,Pam,45
3691,907,Pete,9
3692,907,Phyllis,14
3693,907,Secretary,2
3694,907,Toby,5
3695,908,Angela,52
3696,908,Creed,3
3697,908,Darryl,6
3698,908,David,3
3699,908,Dwight,57
3700,908,Erin,6
3701,908,Everyone,9
3702,908,Hide,4
3703,908,Jim,29
3704,908,Kevin,16
3705,908,Meredith,8
3706,908,Nellie,9
3707,908,Oscar,22
3708,908,Pam,17
3709,908,Pete,23
3710,908,Phyllis,12
3711,908,Stanley,14
3712,908,Toby,8
3713,908,Trevor,22
3714,908,Waiter,2
3715,909,Angela,11
3716,909,Creed,2
3717,909,Darryl,17
3718,909,Dwight,59
3719,909,Erin,24
3720,909,Jim,58
3721,909,Kevin,13
3722,909,Meredith,5
3723,909,Nellie,11
3724,909,Oscar,7
3725,909,Pam,32
3726,909,Pete,22
3727,909,Phyllis,10
3728,909,Stanley,5
3729,909,Toby,11
3730,910,Angela,16
3731,910,Both,1
3732,910,Creed,4
3733,910,Darryl,15
3734,910,Dwight,18
3735,910,Erin,26
3736,910,Helene,2
3737,910,Jim,28
3738,910,Julius,8
3739,910,Julius Irving,1
3740,910,Kevin,14
3741,910,Limo Driver,2
3742,910,Meredith,22
3743,910,Nellie,9
3744,910,Oscar,10
3745,910,Pam,44
3746,910,Pete,7
3747,910,Phyllis,8
3748,910,Stanley,4
3749,910,Val,13
3750,910,Worker,1
3751,911,3rd Athlead Employee,1
3752,911,4th Athlead Employee,1
3753,911,Angela,13
3754,911,Athlead Employee,9
3755,911,Clark,35
3756,911,Creed,3
3757,911,Darryl,19
3758,911,Dennis,3
3759,911,Dwight,41
3760,911,Erin,11
3761,911,Everyone,1
3762,911,Female Athlead Employee,2
3763,911,Jim,18
3764,911,Kevin,19
3765,911,Meredith,6
3766,911,Nellie,9
3767,911,New Instant Message,1
3768,911,Oscar,19
3769,911,Pam,23
3770,911,Pete,2
3771,911,Phyllis,6
3772,911,Stanley,4
3773,911,Suit Store Father,11
3774,911,Suit Store Son,10
3775,911,Wade,1
3776,912,All,4
3777,912,Angela,6
3778,912,Audience,1
3779,912,Ballerinas,2
3780,912,Brian,5
3781,912,Cameraman,1
3782,912,Cece,4
3783,912,Clark,1
3784,912,Co-worker,3
3785,912,Co-worker #2,1
3786,912,Creed,2
3787,912,Dance Teacher,1
3788,912,Darryl,24
3789,912,Drive Thru Customer,1
3790,912,Dwight,44
3791,912,Erin,18
3792,912,Fast Food Worker,1
3793,912,Guy,3
3794,912,Investor,1
3795,912,Jim,37
3796,912,Kevin,10
3797,912,Lonnie,2
3798,912,Meredith,2
3799,912,Mr. Romanko,3
3800,912,Nellie,24
3801,912,Oscar,8
3802,912,Pam,48
3803,912,Parent in Audience,1
3804,912,Parent in audience #1,1
3805,912,Parent in audience #2,1
3806,912,Pete,12
3807,912,Phyllis,3
3808,912,Stanley,1
3809,912,Toby,7
3810,913,Angela,1
3811,913,Brian,7
3812,913,Clark,33
3813,913,Darryl,2
3814,913,David Wallace,9
3815,913,Dwight,87
3816,913,Erin,2
3817,913,Gabor,3
3818,913,Hide,4
3819,913,Jim,45
3820,913,Kevin,1
3821,913,Melvina,5
3822,913,Meredith,5
3823,913,Mose,4
3824,913,Nate,2
3825,913,Nellie,3
3826,913,Oscar,2
3827,913,Pam,24
3828,913,Pam & Dwight,1
3829,913,Rolf,12
3830,913,Sensei Ira,1
3831,913,Stanley,2
3832,913,Trevor,9
3833,913,Troy,1
3834,913,Wolf,10
3835,913,Zeke,4
3836,914,Angela,15
3837,914,Athlead Employee,1
3838,914,Brian,8
3839,914,Clark,4
3840,914,Creed,1
3841,914,Darryl,35
3842,914,Dwight,37
3843,914,Erin,10
3844,914,Frank,8
3845,914,Glenn,1
3846,914,Jim,30
3847,914,Kevin,6
3848,914,Meredith,1
3849,914,Nate,4
3850,914,Nellie,9
3851,914,Oscar,12
3852,914,Pam,57
3853,914,Party Announcer,1
3854,914,Party Guest,1
3855,914,Party Photographer,5
3856,914,Party Waiter,1
3857,914,Phyllis,1
3858,914,Senator,8
3859,914,Toby,3
3860,914,Val,1
3861,915,Andy,62
3862,915,Angela,4
3863,915,Brian,10
3864,915,Clark,9
3865,915,Darryl,3
3866,915,David Wallace,10
3867,915,Dwight,32
3868,915,Erin,26
3869,915,Jan,8
3870,915,Jim,26
3871,915,Kevin,6
3872,915,Meredith,2
3873,915,Nail manager,2
3874,915,Nail stylist 1,1
3875,915,Nail stylist 2,2
3876,915,Nellie,7
3877,915,Oscar,7
3878,915,Pam,28
3879,915,Pete,8
3880,915,Phyllis,6
3881,915,Stanley,1
3882,916,Alice,19
3883,916,Andy,83
3884,916,Angela,42
3885,916,Athlead Coworker,1
3886,916,Clark,9
3887,916,Creed,4
3888,916,Darryl,5
3889,916,David,15
3890,916,David Wallace,1
3891,916,Dwight,44
3892,916,Erin,33
3893,916,Gabe,20
3894,916,Isaac,3
3895,916,Jim,28
3896,916,Kevin,5
3897,916,Mark,21
3898,916,Meredith,7
3899,916,Nellie,8
3900,916,Oscar,8
3901,916,Oscar's Computer,1
3902,916,Pam,55
3903,916,Pete,41
3904,916,Phyllis,10
3905,916,Roger,1
3906,916,Shirley,17
3907,916,Stanley,5
3908,916,Toby,15
3909,917,Andy,5
3910,917,Angela,8
3911,917,Aunt Shirley,3
3912,917,Cameron,9
3913,917,Clark,5
3914,917,Creed,3
3915,917,Darryl,1
3916,917,Dwight,51
3917,917,Erin,4
3918,917,Esther,2
3919,917,Fannie,19
3920,917,German Minister,3
3921,917,Henry,3
3922,917,Jeb,12
3923,917,Jim,6
3924,917,Kevin,12
3925,917,Meredith,3
3926,917,Mose,3
3927,917,Nellie,2
3928,917,Oscar,11
3929,917,Pam,21
3930,917,Phyllis,8
3931,917,Stanley,2
3932,917,Todd Packer,14
3933,917,Zeke,9
3934,918,Andy,11
3935,918,Angela,32
3936,918,Angela & Oscar,1
3937,918,Brian,23
3938,918,Clark,23
3939,918,Darryl,12
3940,918,Dwight,37
3941,918,Erin,3
3942,918,Esther,8
3943,918,Group,4
3944,918,Jim,31
3945,918,Kevin,9
3946,918,Meredith,3
3947,918,Mr. Ruger,5
3948,918,Nellie,4
3949,918,Oscar,29
3950,918,Pam,42
3951,918,Pete,2
3952,918,Phyllis,6
3953,918,Promo Announcer,2
3954,918,Promo Voice,1
3955,918,Ruger Sister 1,2
3956,918,Ruger Sister 2,1
3957,918,Ryan Howard,17
3958,918,Salesman,1
3959,918,Salesmen,1
3960,918,Senator,1
3961,918,Stanley,5
3962,918,Toby,2
3963,919,Andy,31
3964,919,Angela,4
3965,919,Carla,8
3966,919,Clark,37
3967,919,Creed,2
3968,919,Crowd,2
3969,919,Dwight,61
3970,919,Erin,10
3971,919,Everyone,2
3972,919,Jim,15
3973,919,Kevin,5
3974,919,Man,6
3975,919,Meredith,2
3976,919,Mrs. Davis,5
3977,919,Nellie,13
3978,919,Oscar,7
3979,919,Pam,9
3980,919,Pete,2
3981,919,Phyllis,5
3982,919,Reporter #1,1
3983,919,Reporter #2,1
3984,919,Robert,7
3985,919,Stanley,21
3986,919,Toby,15
3987,919,Todd,2
3988,920,Andy,39
3989,920,Angela,16
3990,920,"Bob Vance, Vance Refrigeration",1
3991,920,Carla Fern,5
3992,920,Clark,6
3993,920,Creed,1
3994,920,Darryl,10
3995,920,Director,13
3996,920,Dwight,21
3997,920,Erin,16
3998,920,Esther,6
3999,920,Group,2
4000,920,Jim,17
4001,920,Kevin,10
4002,920,Nellie,20
4003,920,Oscar,2
4004,920,Pam,22
4005,920,Pastor,1
4006,920,Pete,4
4007,920,Phillip,1
4008,920,Producer,6
4009,920,Production Assistant,1
4010,920,Robert,2
4011,920,Stanley,2
4012,920,Toby,7
4013,920,Woman,3
4014,921,Andy,68
4015,921,Angela,30
4016,921,Clark,8
4017,921,Creed,2
4018,921,Darryl,11
4019,921,David Wallace,37
4020,921,Dwight,54
4021,921,Erin,9
4022,921,Esther,1
4023,921,Jim,63
4024,921,Kevin,13
4025,921,Meredith,1
4026,921,Nellie,5
4027,921,Oscar,19
4028,921,Pam,30
4029,921,Pete,5
4030,921,Phyllis,4
4031,921,Sensei,11
4032,921,Stanley,4
4033,921,Toby,7
4034,922,Aaron Rodgers,4
4035,922,Andy,44
4036,922,Angela,39
4037,922,Angela & Oscar,2
4038,922,Bartender,4
4039,922,Camera Crew,1
4040,922,Casey,22
4041,922,Check-in guy,7
4042,922,Clark,5
4043,922,Clay Aiken,2
4044,922,Creed,4
4045,922,Darryl,30
4046,922,Dwight,87
4047,922,Erin,22
4048,922,Esther,4
4049,922,Everyone,1
4050,922,Glenn,1
4051,922,Hank,1
4052,922,Jim,89
4053,922,Jim & Dwight,2
4054,922,Kevin,30
4055,922,Mark McGrath,4
4056,922,Meredith,9
4057,922,Oscar,28
4058,922,Pam,34
4059,922,People in line,1
4060,922,Pete,4
4061,922,Philip,1
4062,922,Phillip,3
4063,922,Phyllis,7
4064,922,Santigold,4
4065,922,Soldier,1
4066,922,Stanley,4
4067,923,All,10
4068,923,Andy,31
4069,923,Angela,23
4070,923,Bill Hader,4
4071,923,Buyer,2
4072,923,CameraMan,2
4073,923,Carol,1
4074,923,Carol Stills,1
4075,923,Casey Dean,1
4076,923,Clark,3
4077,923,Creed,8
4078,923,Crowd,1
4079,923,Dakota,3
4080,923,Darryl,19
4081,923,David Wallace,2
4082,923,Dwight,76
4083,923,Ed,2
4084,923,Erin,11
4085,923,Guy,2
4086,923,Jakey,4
4087,923,Jim,73
4088,923,Joan,5
4089,923,Kelly,12
4090,923,Kevin,31
4091,923,Malcolm,3
4092,923,Man,1
4093,923,Man 1,1
4094,923,Man 2,2
4095,923,Man 3,1
4096,923,Meredith,15
4097,923,Michael,2
4098,923,Minister,2
4099,923,Moderator,2
4100,923,Mose,2
4101,923,Nellie,9
4102,923,Oscar,18
4103,923,Pam,45
4104,923,Pete,3
4105,923,Photographer,1
4106,923,Phyllis,17
4107,923,Rachel,7
4108,923,Ravi,7
4109,923,Ryan,15
4110,923,Seth Mayers,3
4111,923,Stanley,8
4112,923,Stripper,5
4113,923,Toby,13
4114,923,Usher,1
4115,923,Val,3
4116,923,Woman,1
4117,923,Woman 1,1
4118,923,Woman 2,2
4119,923,Woman 3,1
4120,923,Woman 4,2
4121,923,Zeke,2
